"år","region","ålder","män","kvinnor"
"1968","00 Riket","0-4 år",306525,290507
"1968","00 Riket","5-9 år",272859,258287
"1968","00 Riket","10-14 år",272370,257759
"1968","00 Riket","15-19 år",289080,275815
"1968","00 Riket","20-24 år",340215,325663
"1968","00 Riket","25-29 år",286121,266356
"1968","00 Riket","30-34 år",234887,223222
"1968","00 Riket","35-39 år",227388,223467
"1968","00 Riket","40-44 år",245406,243505
"1968","00 Riket","45-49 år",275317,272274
"1968","00 Riket","50-54 år",253655,253657
"1968","00 Riket","55-59 år",256296,257762
"1968","00 Riket","60-64 år",223627,237351
"1968","00 Riket","65-69 år",180522,204146
"1968","00 Riket","70-74 år",134084,162365
"1968","00 Riket","75-79 år",86914,114915
"1968","00 Riket","80-84 år",49508,68612
"1968","00 Riket","85-89 år",18854,27715
"1968","00 Riket","90-94 år",4899,7512
"1968","00 Riket","95-99 år",558,1113
"1968","00 Riket","100+ år",30,75
"1969","00 Riket","0-4 år",301373,284917
"1969","00 Riket","5-9 år",283059,269034
"1969","00 Riket","10-14 år",273883,258571
"1969","00 Riket","15-19 år",283964,270738
"1969","00 Riket","20-24 år",339752,325479
"1969","00 Riket","25-29 år",307074,284487
"1969","00 Riket","30-34 år",244707,230758
"1969","00 Riket","35-39 år",226470,221370
"1969","00 Riket","40-44 år",240514,238156
"1969","00 Riket","45-49 år",275349,273457
"1969","00 Riket","50-54 år",251211,250513
"1969","00 Riket","55-59 år",255028,256992
"1969","00 Riket","60-64 år",229441,242401
"1969","00 Riket","65-69 år",184615,208442
"1969","00 Riket","70-74 år",136534,165459
"1969","00 Riket","75-79 år",88594,118365
"1969","00 Riket","80-84 år",49681,70097
"1969","00 Riket","85-89 år",19552,29161
"1969","00 Riket","90-94 år",5064,8052
"1969","00 Riket","95-99 år",632,1213
"1969","00 Riket","100+ år",33,78
"1970","00 Riket","0-4 år",296138,280460
"1970","00 Riket","5-9 år",295091,280022
"1970","00 Riket","10-14 år",272556,257745
"1970","00 Riket","15-19 år",281996,269426
"1970","00 Riket","20-24 år",336628,321298
"1970","00 Riket","25-29 år",329291,304591
"1970","00 Riket","30-34 år",253067,237046
"1970","00 Riket","35-39 år",226134,218679
"1970","00 Riket","40-44 år",237023,234875
"1970","00 Riket","45-49 år",264526,262840
"1970","00 Riket","50-54 år",261080,260269
"1970","00 Riket","55-59 år",252466,255439
"1970","00 Riket","60-64 år",234154,245071
"1970","00 Riket","65-69 år",187510,211861
"1970","00 Riket","70-74 år",139846,170101
"1970","00 Riket","75-79 år",91336,122410
"1970","00 Riket","80-84 år",50413,72251
"1970","00 Riket","85-89 år",20522,31023
"1970","00 Riket","90-94 år",5263,8586
"1970","00 Riket","95-99 år",690,1292
"1970","00 Riket","100+ år",38,89
"1971","00 Riket","0-4 år",290726,275596
"1971","00 Riket","5-9 år",304009,288501
"1971","00 Riket","10-14 år",270774,257006
"1971","00 Riket","15-19 år",280332,267117
"1971","00 Riket","20-24 år",322494,310054
"1971","00 Riket","25-29 år",345069,320812
"1971","00 Riket","30-34 år",260367,242626
"1971","00 Riket","35-39 år",226857,218474
"1971","00 Riket","40-44 år",233405,231420
"1971","00 Riket","45-49 år",254863,253800
"1971","00 Riket","50-54 år",266445,266199
"1971","00 Riket","55-59 år",249964,253406
"1971","00 Riket","60-64 år",236702,246892
"1971","00 Riket","65-69 år",190835,215252
"1971","00 Riket","70-74 år",143217,175047
"1971","00 Riket","75-79 år",93601,125632
"1971","00 Riket","80-84 år",51234,74996
"1971","00 Riket","85-89 år",21461,33166
"1971","00 Riket","90-94 år",5416,9033
"1971","00 Riket","95-99 år",759,1464
"1971","00 Riket","100+ år",43,99
"1972","00 Riket","0-4 år",285378,270765
"1972","00 Riket","5-9 år",310474,294153
"1972","00 Riket","10-14 år",271012,256790
"1972","00 Riket","15-19 år",277796,264911
"1972","00 Riket","20-24 år",309096,298269
"1972","00 Riket","25-29 år",350280,328389
"1972","00 Riket","30-34 år",271619,252716
"1972","00 Riket","35-39 år",228202,218822
"1972","00 Riket","40-44 år",230405,228835
"1972","00 Riket","45-49 år",247765,246899
"1972","00 Riket","50-54 år",267076,267471
"1972","00 Riket","55-59 år",246733,250805
"1972","00 Riket","60-64 år",238839,248661
"1972","00 Riket","65-69 år",194351,218472
"1972","00 Riket","70-74 år",146509,179933
"1972","00 Riket","75-79 år",95578,128519
"1972","00 Riket","80-84 år",51650,77249
"1972","00 Riket","85-89 år",22216,35060
"1972","00 Riket","90-94 år",5502,9501
"1972","00 Riket","95-99 år",791,1482
"1972","00 Riket","100+ år",43,112
"1973","00 Riket","0-4 år",282059,267532
"1973","00 Riket","5-9 år",309247,293781
"1973","00 Riket","10-14 år",274874,260355
"1973","00 Riket","15-19 år",275133,262073
"1973","00 Riket","20-24 år",297890,287534
"1973","00 Riket","25-29 år",349703,330157
"1973","00 Riket","30-34 år",285945,266402
"1973","00 Riket","35-39 år",233506,223467
"1973","00 Riket","40-44 år",225435,223254
"1973","00 Riket","45-49 år",241788,241973
"1973","00 Riket","50-54 år",268204,268704
"1973","00 Riket","55-59 år",243286,248020
"1973","00 Riket","60-64 år",239321,248803
"1973","00 Riket","65-69 år",199161,223367
"1973","00 Riket","70-74 år",149081,183319
"1973","00 Riket","75-79 år",97912,132416
"1973","00 Riket","80-84 år",52750,80235
"1973","00 Riket","85-89 år",22597,36561
"1973","00 Riket","90-94 år",5730,10221
"1973","00 Riket","95-99 år",854,1605
"1973","00 Riket","100+ år",49,124
"1974","00 Riket","0-4 år",283338,269260
"1974","00 Riket","5-9 år",301809,285926
"1974","00 Riket","10-14 år",283381,269421
"1974","00 Riket","15-19 år",275751,261759
"1974","00 Riket","20-24 år",289601,278929
"1974","00 Riket","25-29 år",343820,326842
"1974","00 Riket","30-34 år",303851,282541
"1974","00 Riket","35-39 år",241161,229829
"1974","00 Riket","40-44 år",223198,220390
"1974","00 Riket","45-49 år",235964,236295
"1974","00 Riket","50-54 år",267677,269493
"1974","00 Riket","55-59 år",240548,244729
"1974","00 Riket","60-64 år",237966,248069
"1974","00 Riket","65-69 år",204098,228076
"1974","00 Riket","70-74 år",152541,187425
"1974","00 Riket","75-79 år",99781,135736
"1974","00 Riket","80-84 år",53735,83325
"1974","00 Riket","85-89 år",22622,37872
"1974","00 Riket","90-94 år",6004,11021
"1974","00 Riket","95-99 år",901,1794
"1974","00 Riket","100+ år",61,151
"1975","00 Riket","0-4 år",281565,267572
"1975","00 Riket","5-9 år",294862,279850
"1975","00 Riket","10-14 år",294153,279397
"1975","00 Riket","15-19 år",273582,259970
"1975","00 Riket","20-24 år",286051,275183
"1975","00 Riket","25-29 år",335344,319782
"1975","00 Riket","30-34 år",323253,301157
"1975","00 Riket","35-39 år",247533,234926
"1975","00 Riket","40-44 år",221677,216976
"1975","00 Riket","45-49 år",231634,232521
"1975","00 Riket","50-54 år",256601,258661
"1975","00 Riket","55-59 år",249739,254041
"1975","00 Riket","60-64 år",235149,246478
"1975","00 Riket","65-69 år",208306,230665
"1975","00 Riket","70-74 år",154735,190580
"1975","00 Riket","75-79 år",102015,139874
"1975","00 Riket","80-84 år",55037,86261
"1975","00 Riket","85-89 år",22789,39378
"1975","00 Riket","90-94 år",6265,11816
"1975","00 Riket","95-99 år",914,1942
"1975","00 Riket","100+ år",59,149
"1976","00 Riket","0-4 år",274909,261653
"1976","00 Riket","5-9 år",290592,276116
"1976","00 Riket","10-14 år",303573,288187
"1976","00 Riket","15-19 år",272005,259357
"1976","00 Riket","20-24 år",287130,274394
"1976","00 Riket","25-29 år",324707,310070
"1976","00 Riket","30-34 år",340205,317853
"1976","00 Riket","35-39 år",254979,240712
"1976","00 Riket","40-44 år",222540,216937
"1976","00 Riket","45-49 år",228315,229236
"1976","00 Riket","50-54 år",247207,249854
"1976","00 Riket","55-59 år",254795,259992
"1976","00 Riket","60-64 år",232640,244367
"1976","00 Riket","65-69 år",210549,232687
"1976","00 Riket","70-74 år",157339,193827
"1976","00 Riket","75-79 år",104333,144234
"1976","00 Riket","80-84 år",56314,88615
"1976","00 Riket","85-89 år",23090,40850
"1976","00 Riket","90-94 år",6413,12531
"1976","00 Riket","95-99 år",889,1963
"1976","00 Riket","100+ år",58,162
"1977","00 Riket","0-4 år",267596,254791
"1977","00 Riket","5-9 år",286473,272477
"1977","00 Riket","10-14 år",311111,294987
"1977","00 Riket","15-19 år",272878,259850
"1977","00 Riket","20-24 år",286508,274584
"1977","00 Riket","25-29 år",316088,302257
"1977","00 Riket","30-34 år",349193,327901
"1977","00 Riket","35-39 år",268119,252014
"1977","00 Riket","40-44 år",224995,217940
"1977","00 Riket","45-49 år",226169,227159
"1977","00 Riket","50-54 år",240835,243483
"1977","00 Riket","55-59 år",255578,261618
"1977","00 Riket","60-64 år",229829,242150
"1977","00 Riket","65-69 år",212539,234802
"1977","00 Riket","70-74 år",160647,197452
"1977","00 Riket","75-79 år",107346,149278
"1977","00 Riket","80-84 år",57648,91442
"1977","00 Riket","85-89 år",23358,42603
"1977","00 Riket","90-94 år",6716,13395
"1977","00 Riket","95-99 år",904,2141
"1977","00 Riket","100+ år",68,194
"1978","00 Riket","0-4 år",258990,246712
"1978","00 Riket","5-9 år",284838,271001
"1978","00 Riket","10-14 år",310750,295361
"1978","00 Riket","15-19 år",277162,263784
"1978","00 Riket","20-24 år",284552,273054
"1978","00 Riket","25-29 år",308105,294236
"1978","00 Riket","30-34 år",351306,331572
"1978","00 Riket","35-39 år",284020,266594
"1978","00 Riket","40-44 år",231107,223067
"1978","00 Riket","45-49 år",221828,221979
"1978","00 Riket","50-54 år",235352,238933
"1978","00 Riket","55-59 år",256706,263102
"1978","00 Riket","60-64 år",226777,239683
"1978","00 Riket","65-69 år",213031,235142
"1978","00 Riket","70-74 år",164714,202266
"1978","00 Riket","75-79 år",109248,152634
"1978","00 Riket","80-84 år",59182,94483
"1978","00 Riket","85-89 år",23941,44654
"1978","00 Riket","90-94 år",6854,14083
"1978","00 Riket","95-99 år",955,2391
"1978","00 Riket","100+ år",86,202
"1979","00 Riket","0-4 år",251440,239689
"1979","00 Riket","5-9 år",286323,272980
"1979","00 Riket","10-14 år",303323,287591
"1979","00 Riket","15-19 år",285913,272977
"1979","00 Riket","20-24 år",285204,273046
"1979","00 Riket","25-29 år",300703,286680
"1979","00 Riket","30-34 år",346308,328990
"1979","00 Riket","35-39 år",302251,282894
"1979","00 Riket","40-44 år",238861,229538
"1979","00 Riket","45-49 år",219663,219174
"1979","00 Riket","50-54 år",229677,233455
"1979","00 Riket","55-59 år",256167,263853
"1979","00 Riket","60-64 år",224306,236621
"1979","00 Riket","65-69 år",211919,234706
"1979","00 Riket","70-74 år",168924,206972
"1979","00 Riket","75-79 år",111698,156844
"1979","00 Riket","80-84 år",60354,97331
"1979","00 Riket","85-89 år",24509,46706
"1979","00 Riket","90-94 år",6855,14575
"1979","00 Riket","95-99 år",1025,2652
"1979","00 Riket","100+ år",99,214
"1980","00 Riket","0-4 år",247885,235951
"1980","00 Riket","5-9 år",283755,270593
"1980","00 Riket","10-14 år",295930,281237
"1980","00 Riket","15-19 år",296465,282665
"1980","00 Riket","20-24 år",282882,271046
"1980","00 Riket","25-29 år",296332,283119
"1980","00 Riket","30-34 år",337906,321992
"1980","00 Riket","35-39 år",321135,301243
"1980","00 Riket","40-44 år",244818,234431
"1980","00 Riket","45-49 år",217922,215786
"1980","00 Riket","50-54 år",225489,229755
"1980","00 Riket","55-59 år",245444,253345
"1980","00 Riket","60-64 år",232930,245782
"1980","00 Riket","65-69 år",209559,233229
"1980","00 Riket","70-74 år",172631,209868
"1980","00 Riket","75-79 år",113550,159921
"1980","00 Riket","80-84 år",62036,101013
"1980","00 Riket","85-89 år",25130,48792
"1980","00 Riket","90-94 år",6846,15299
"1980","00 Riket","95-99 år",1105,2800
"1980","00 Riket","100+ år",72,248
"1981","00 Riket","0-4 år",245098,233666
"1981","00 Riket","5-9 år",276097,263519
"1981","00 Riket","10-14 år",290903,276712
"1981","00 Riket","15-19 år",305105,290466
"1981","00 Riket","20-24 år",279620,269112
"1981","00 Riket","25-29 år",295145,281607
"1981","00 Riket","30-34 år",325951,311869
"1981","00 Riket","35-39 år",337571,317494
"1981","00 Riket","40-44 år",251821,240043
"1981","00 Riket","45-49 år",218544,215541
"1981","00 Riket","50-54 år",222181,226562
"1981","00 Riket","55-59 år",236631,244823
"1981","00 Riket","60-64 år",237774,251475
"1981","00 Riket","65-69 år",207544,231580
"1981","00 Riket","70-74 år",174619,211858
"1981","00 Riket","75-79 år",116134,163367
"1981","00 Riket","80-84 år",63616,104940
"1981","00 Riket","85-89 år",26010,50402
"1981","00 Riket","90-94 år",7003,16133
"1981","00 Riket","95-99 år",1176,2977
"1981","00 Riket","100+ år",79,265
"1982","00 Riket","0-4 år",243176,231842
"1982","00 Riket","5-9 år",267774,255288
"1982","00 Riket","10-14 år",285848,272381
"1982","00 Riket","15-19 år",311774,296313
"1982","00 Riket","20-24 år",278457,267738
"1982","00 Riket","25-29 år",292551,280172
"1982","00 Riket","30-34 år",315962,302837
"1982","00 Riket","35-39 år",345470,326804
"1982","00 Riket","40-44 år",264444,250960
"1982","00 Riket","45-49 år",220774,216429
"1982","00 Riket","50-54 år",220017,224464
"1982","00 Riket","55-59 år",230614,238551
"1982","00 Riket","60-64 år",238492,253261
"1982","00 Riket","65-69 år",205418,229490
"1982","00 Riket","70-74 år",176549,214026
"1982","00 Riket","75-79 år",119030,167120
"1982","00 Riket","80-84 år",65731,109463
"1982","00 Riket","85-89 år",26810,52443
"1982","00 Riket","90-94 år",7196,16972
"1982","00 Riket","95-99 år",1204,3260
"1982","00 Riket","100+ år",66,313
"1983","00 Riket","0-4 år",242615,230750
"1983","00 Riket","5-9 år",259029,246826
"1983","00 Riket","10-14 år",283958,270750
"1983","00 Riket","15-19 år",311117,296306
"1983","00 Riket","20-24 år",281439,270061
"1983","00 Riket","25-29 år",289247,277100
"1983","00 Riket","30-34 år",307298,294272
"1983","00 Riket","35-39 år",346953,330123
"1983","00 Riket","40-44 år",280093,265284
"1983","00 Riket","45-49 år",226777,221399
"1983","00 Riket","50-54 år",215766,219223
"1983","00 Riket","55-59 år",225528,234257
"1983","00 Riket","60-64 år",239662,254747
"1983","00 Riket","65-69 år",202830,227296
"1983","00 Riket","70-74 år",177754,214773
"1983","00 Riket","75-79 år",122537,171870
"1983","00 Riket","80-84 år",67283,112974
"1983","00 Riket","85-89 år",27503,54710
"1983","00 Riket","90-94 år",7492,17982
"1983","00 Riket","95-99 år",1175,3403
"1983","00 Riket","100+ år",81,330
"1984","00 Riket","0-4 år",241928,229573
"1984","00 Riket","5-9 år",251609,239865
"1984","00 Riket","10-14 år",285494,272660
"1984","00 Riket","15-19 år",303768,288424
"1984","00 Riket","20-24 år",289936,278335
"1984","00 Riket","25-29 år",288957,276039
"1984","00 Riket","30-34 år",299523,286410
"1984","00 Riket","35-39 år",341729,327540
"1984","00 Riket","40-44 år",298062,281400
"1984","00 Riket","45-49 år",234486,227795
"1984","00 Riket","50-54 år",213730,216518
"1984","00 Riket","55-59 år",220370,228891
"1984","00 Riket","60-64 år",239293,255671
"1984","00 Riket","65-69 år",200922,224780
"1984","00 Riket","70-74 år",177621,214802
"1984","00 Riket","75-79 år",126162,176213
"1984","00 Riket","80-84 år",69539,117120
"1984","00 Riket","85-89 år",28423,57072
"1984","00 Riket","90-94 år",7676,18993
"1984","00 Riket","95-99 år",1234,3604
"1984","00 Riket","100+ år",87,367
"1985","00 Riket","0-4 år",243242,230272
"1985","00 Riket","5-9 år",248227,236504
"1985","00 Riket","10-14 år",283316,270440
"1985","00 Riket","15-19 år",296585,282148
"1985","00 Riket","20-24 år",300859,287294
"1985","00 Riket","25-29 år",286303,273608
"1985","00 Riket","30-34 år",295350,282881
"1985","00 Riket","35-39 år",333720,320590
"1985","00 Riket","40-44 år",317017,299765
"1985","00 Riket","45-49 år",240541,232845
"1985","00 Riket","50-54 år",212278,213182
"1985","00 Riket","55-59 år",216363,225339
"1985","00 Riket","60-64 år",229659,245700
"1985","00 Riket","65-69 år",209021,233670
"1985","00 Riket","70-74 år",175831,213811
"1985","00 Riket","75-79 år",129493,179082
"1985","00 Riket","80-84 år",70829,119969
"1985","00 Riket","85-89 år",29312,59883
"1985","00 Riket","90-94 år",7823,19870
"1985","00 Riket","95-99 år",1246,3794
"1985","00 Riket","100+ år",95,382
"1986","00 Riket","0-4 år",248066,234372
"1986","00 Riket","5-9 år",246231,234769
"1986","00 Riket","10-14 år",276383,263895
"1986","00 Riket","15-19 år",292011,278028
"1986","00 Riket","20-24 år",310561,295720
"1986","00 Riket","25-29 år",284497,272133
"1986","00 Riket","30-34 år",295331,282082
"1986","00 Riket","35-39 år",322599,310881
"1986","00 Riket","40-44 år",333419,316165
"1986","00 Riket","45-49 år",247531,238456
"1986","00 Riket","50-54 år",213113,213107
"1986","00 Riket","55-59 år",213352,222322
"1986","00 Riket","60-64 år",221860,237522
"1986","00 Riket","65-69 år",213572,239228
"1986","00 Riket","70-74 år",174667,212687
"1986","00 Riket","75-79 år",131508,181596
"1986","00 Riket","80-84 år",72902,123134
"1986","00 Riket","85-89 år",30245,62598
"1986","00 Riket","90-94 år",8278,20841
"1986","00 Riket","95-99 år",1286,4047
"1986","00 Riket","100+ år",101,419
"1987","00 Riket","0-4 år",254176,241051
"1987","00 Riket","5-9 år",245626,234023
"1987","00 Riket","10-14 år",269182,256626
"1987","00 Riket","15-19 år",287659,274310
"1987","00 Riket","20-24 år",318083,302329
"1987","00 Riket","25-29 år",286016,272366
"1987","00 Riket","30-34 år",294476,281805
"1987","00 Riket","35-39 år",313831,302538
"1987","00 Riket","40-44 år",341660,325788
"1987","00 Riket","45-49 år",260326,249416
"1987","00 Riket","50-54 år",215586,214181
"1987","00 Riket","55-59 år",211512,220421
"1987","00 Riket","60-64 år",216576,231510
"1987","00 Riket","65-69 år",214611,241087
"1987","00 Riket","70-74 år",173320,211036
"1987","00 Riket","75-79 år",133455,184170
"1987","00 Riket","80-84 år",75177,126377
"1987","00 Riket","85-89 år",31423,65830
"1987","00 Riket","90-94 år",8449,21913
"1987","00 Riket","95-99 år",1314,4269
"1987","00 Riket","100+ år",125,454
"1988","00 Riket","0-4 år",265130,251159
"1988","00 Riket","5-9 år",246725,234525
"1988","00 Riket","10-14 år",261495,249054
"1988","00 Riket","15-19 år",286946,273410
"1988","00 Riket","20-24 år",318955,303640
"1988","00 Riket","25-29 år",292030,276833
"1988","00 Riket","30-34 år",293622,280715
"1988","00 Riket","35-39 år",306926,295003
"1988","00 Riket","40-44 år",344114,329736
"1988","00 Riket","45-49 år",276414,263892
"1988","00 Riket","50-54 år",221786,219430
"1988","00 Riket","55-59 år",207823,215571
"1988","00 Riket","60-64 år",211938,227567
"1988","00 Riket","65-69 år",216055,242554
"1988","00 Riket","70-74 år",171486,209114
"1988","00 Riket","75-79 år",134842,185143
"1988","00 Riket","80-84 år",77379,130047
"1988","00 Riket","85-89 år",32067,68005
"1988","00 Riket","90-94 år",8677,22736
"1988","00 Riket","95-99 år",1352,4428
"1988","00 Riket","100+ år",118,446
"1989","00 Riket","0-4 år",277148,262619
"1989","00 Riket","5-9 år",247921,235279
"1989","00 Riket","10-14 år",255579,243300
"1989","00 Riket","15-19 år",289888,276583
"1989","00 Riket","20-24 år",314571,297937
"1989","00 Riket","25-29 år",304284,287767
"1989","00 Riket","30-34 år",296079,281764
"1989","00 Riket","35-39 år",301270,288806
"1989","00 Riket","40-44 år",340063,327770
"1989","00 Riket","45-49 år",294955,280393
"1989","00 Riket","50-54 år",229891,225956
"1989","00 Riket","55-59 år",206251,213226
"1989","00 Riket","60-64 år",207328,222788
"1989","00 Riket","65-69 år",216371,243695
"1989","00 Riket","70-74 år",170521,207294
"1989","00 Riket","75-79 år",135186,185616
"1989","00 Riket","80-84 år",80693,134311
"1989","00 Riket","85-89 år",33578,70950
"1989","00 Riket","90-94 år",8957,23814
"1989","00 Riket","95-99 år",1429,4622
"1989","00 Riket","100+ år",117,466
"1990","00 Riket","0-4 år",290330,275635
"1990","00 Riket","5-9 år",250531,237313
"1990","00 Riket","10-14 år",253418,240975
"1990","00 Riket","15-19 år",288350,274946
"1990","00 Riket","20-24 år",307819,293166
"1990","00 Riket","25-29 år",316904,298621
"1990","00 Riket","30-34 år",295833,281117
"1990","00 Riket","35-39 år",298583,286716
"1990","00 Riket","40-44 år",333172,321718
"1990","00 Riket","45-49 år",314089,298902
"1990","00 Riket","50-54 år",236115,231078
"1990","00 Riket","55-59 år",205203,210154
"1990","00 Riket","60-64 år",203986,219760
"1990","00 Riket","65-69 år",208524,234694
"1990","00 Riket","70-74 år",178163,215951
"1990","00 Riket","75-79 år",134237,185049
"1990","00 Riket","80-84 år",83307,137176
"1990","00 Riket","85-89 år",34409,73110
"1990","00 Riket","90-94 år",9472,25179
"1990","00 Riket","95-99 år",1442,4873
"1990","00 Riket","100+ år",130,480
"1991","00 Riket","0-4 år",301091,285607
"1991","00 Riket","5-9 år",255958,241974
"1991","00 Riket","10-14 år",252288,240207
"1991","00 Riket","15-19 år",281632,268568
"1991","00 Riket","20-24 år",302208,289143
"1991","00 Riket","25-29 år",326885,307833
"1991","00 Riket","30-34 år",295067,280691
"1991","00 Riket","35-39 år",299836,286874
"1991","00 Riket","40-44 år",322931,312367
"1991","00 Riket","45-49 år",330648,315397
"1991","00 Riket","50-54 år",243349,236847
"1991","00 Riket","55-59 år",206224,210218
"1991","00 Riket","60-64 år",201553,216976
"1991","00 Riket","65-69 år",201759,227194
"1991","00 Riket","70-74 år",182907,221649
"1991","00 Riket","75-79 år",134069,184549
"1991","00 Riket","80-84 år",84993,139343
"1991","00 Riket","85-89 år",35803,75974
"1991","00 Riket","90-94 år",9754,26445
"1991","00 Riket","95-99 år",1549,5137
"1991","00 Riket","100+ år",119,503
"1992","00 Riket","0-4 år",310189,293395
"1992","00 Riket","5-9 år",261963,248369
"1992","00 Riket","10-14 år",252046,240012
"1992","00 Riket","15-19 år",274711,261346
"1992","00 Riket","20-24 år",296679,285209
"1992","00 Riket","25-29 år",333726,314388
"1992","00 Riket","30-34 år",296774,281290
"1992","00 Riket","35-39 år",299391,286923
"1992","00 Riket","40-44 år",314295,304108
"1992","00 Riket","45-49 år",338709,324946
"1992","00 Riket","50-54 år",256066,247613
"1992","00 Riket","55-59 år",208841,211351
"1992","00 Riket","60-64 år",199996,215140
"1992","00 Riket","65-69 år",197282,221764
"1992","00 Riket","70-74 år",184234,223506
"1992","00 Riket","75-79 år",133856,183654
"1992","00 Riket","80-84 år",86732,141990
"1992","00 Riket","85-89 år",37169,78544
"1992","00 Riket","90-94 år",10219,27979
"1992","00 Riket","95-99 år",1579,5370
"1992","00 Riket","100+ år",128,531
"1993","00 Riket","0-4 år",312287,296326
"1993","00 Riket","5-9 år",273163,258852
"1993","00 Riket","10-14 år",253750,241140
"1993","00 Riket","15-19 år",267634,254512
"1993","00 Riket","20-24 år",295287,284179
"1993","00 Riket","25-29 år",333540,315993
"1993","00 Riket","30-34 år",302792,286487
"1993","00 Riket","35-39 år",298971,286420
"1993","00 Riket","40-44 år",307677,297121
"1993","00 Riket","45-49 år",341016,328897
"1993","00 Riket","50-54 år",271718,261989
"1993","00 Riket","55-59 år",215102,216672
"1993","00 Riket","60-64 år",196875,210592
"1993","00 Riket","65-69 år",193407,218220
"1993","00 Riket","70-74 år",186213,225097
"1993","00 Riket","75-79 år",132898,182493
"1993","00 Riket","80-84 år",88077,142906
"1993","00 Riket","85-89 år",38350,81220
"1993","00 Riket","90-94 år",10480,28954
"1993","00 Riket","95-99 år",1579,5528
"1993","00 Riket","100+ år",138,557
"1994","00 Riket","0-4 år",310539,295172
"1994","00 Riket","5-9 år",286446,271531
"1994","00 Riket","10-14 år",256195,242782
"1994","00 Riket","15-19 år",262490,249739
"1994","00 Riket","20-24 år",297919,287190
"1994","00 Riket","25-29 år",326435,310263
"1994","00 Riket","30-34 år",313912,297868
"1994","00 Riket","35-39 år",301548,288106
"1994","00 Riket","40-44 år",302428,291498
"1994","00 Riket","45-49 år",337109,327197
"1994","00 Riket","50-54 år",289831,278532
"1994","00 Riket","55-59 år",223242,223453
"1994","00 Riket","60-64 år",195909,208932
"1994","00 Riket","65-69 år",189878,214084
"1994","00 Riket","70-74 år",186933,226407
"1994","00 Riket","75-79 år",133057,181624
"1994","00 Riket","80-84 år",88975,144175
"1994","00 Riket","85-89 år",40539,84334
"1994","00 Riket","90-94 år",11108,30795
"1994","00 Riket","95-99 år",1630,5860
"1994","00 Riket","100+ år",131,585
"1995","00 Riket","0-4 år",298680,283639
"1995","00 Riket","5-9 år",298119,283065
"1995","00 Riket","10-14 år",257889,243970
"1995","00 Riket","15-19 år",259721,247029
"1995","00 Riket","20-24 år",295628,284543
"1995","00 Riket","25-29 år",317312,303565
"1995","00 Riket","30-34 år",324146,306599
"1995","00 Riket","35-39 år",299781,286607
"1995","00 Riket","40-44 år",298858,289071
"1995","00 Riket","45-49 år",330007,321146
"1995","00 Riket","50-54 år",308254,296623
"1995","00 Riket","55-59 år",229486,228737
"1995","00 Riket","60-64 år",195455,206234
"1995","00 Riket","65-69 år",187493,211698
"1995","00 Riket","70-74 år",180739,218651
"1995","00 Riket","75-79 år",140146,189866
"1995","00 Riket","80-84 år",88846,144488
"1995","00 Riket","85-89 år",42116,86667
"1995","00 Riket","90-94 år",11548,32172
"1995","00 Riket","95-99 år",1705,6399
"1995","00 Riket","100+ år",142,656
"1996","00 Riket","0-4 år",282416,269074
"1996","00 Riket","5-9 år",307728,291685
"1996","00 Riket","10-14 år",262609,247913
"1996","00 Riket","15-19 år",257849,245624
"1996","00 Riket","20-24 år",288308,277341
"1996","00 Riket","25-29 år",310768,298277
"1996","00 Riket","30-34 år",332562,314371
"1996","00 Riket","35-39 år",297919,285248
"1996","00 Riket","40-44 år",299716,289080
"1996","00 Riket","45-49 år",319835,311791
"1996","00 Riket","50-54 år",324247,312720
"1996","00 Riket","55-59 år",236566,234263
"1996","00 Riket","60-64 år",196743,206550
"1996","00 Riket","65-69 år",185579,209195
"1996","00 Riket","70-74 år",175650,211944
"1996","00 Riket","75-79 år",144701,195440
"1996","00 Riket","80-84 år",89299,144831
"1996","00 Riket","85-89 år",43242,88348
"1996","00 Riket","90-94 år",12062,33682
"1996","00 Riket","95-99 år",1785,6745
"1996","00 Riket","100+ år",133,660
"1997","00 Riket","0-4 år",265400,253132
"1997","00 Riket","5-9 år",315363,298141
"1997","00 Riket","10-14 år",268386,254030
"1997","00 Riket","15-19 år",257486,245139
"1997","00 Riket","20-24 år",280269,269193
"1997","00 Riket","25-29 år",304492,293500
"1997","00 Riket","30-34 år",338412,319925
"1997","00 Riket","35-39 år",299124,285361
"1997","00 Riket","40-44 år",299046,288989
"1997","00 Riket","45-49 år",311369,303708
"1997","00 Riket","50-54 år",332321,322190
"1997","00 Riket","55-59 år",248786,244668
"1997","00 Riket","60-64 år",199351,207470
"1997","00 Riket","65-69 år",184535,207350
"1997","00 Riket","70-74 år",172223,207101
"1997","00 Riket","75-79 år",146367,197310
"1997","00 Riket","80-84 år",89944,144792
"1997","00 Riket","85-89 år",44358,90757
"1997","00 Riket","90-94 år",12673,35147
"1997","00 Riket","95-99 år",1867,7073
"1997","00 Riket","100+ år",141,736
"1998","00 Riket","0-4 år",251848,239508
"1998","00 Riket","5-9 år",315568,299301
"1998","00 Riket","10-14 år",278622,263615
"1998","00 Riket","15-19 år",258383,245632
"1998","00 Riket","20-24 år",271963,261354
"1998","00 Riket","25-29 år",301793,291090
"1998","00 Riket","30-34 år",337106,320465
"1998","00 Riket","35-39 år",303804,289442
"1998","00 Riket","40-44 år",297897,287670
"1998","00 Riket","45-49 år",304473,296446
"1998","00 Riket","50-54 år",334628,326018
"1998","00 Riket","55-59 år",263940,258368
"1998","00 Riket","60-64 år",205446,212286
"1998","00 Riket","65-69 år",181734,202733
"1998","00 Riket","70-74 år",169140,204048
"1998","00 Riket","75-79 år",148552,198816
"1998","00 Riket","80-84 år",90063,144502
"1998","00 Riket","85-89 år",45313,92258
"1998","00 Riket","90-94 år",13190,36727
"1998","00 Riket","95-99 år",2018,7654
"1998","00 Riket","100+ år",138,770
"1999","00 Riket","0-4 år",240440,228276
"1999","00 Riket","5-9 år",311693,296317
"1999","00 Riket","10-14 år",289173,273802
"1999","00 Riket","15-19 år",259097,245595
"1999","00 Riket","20-24 år",265126,255245
"1999","00 Riket","25-29 år",302625,292534
"1999","00 Riket","30-34 år",328573,312809
"1999","00 Riket","35-39 år",312943,298675
"1999","00 Riket","40-44 år",298532,287831
"1999","00 Riket","45-49 år",298247,290176
"1999","00 Riket","50-54 år",330517,323914
"1999","00 Riket","55-59 år",281241,274127
"1999","00 Riket","60-64 år",213249,218114
"1999","00 Riket","65-69 år",180680,200532
"1999","00 Riket","70-74 år",166161,199813
"1999","00 Riket","75-79 år",149168,199719
"1999","00 Riket","80-84 år",90591,143912
"1999","00 Riket","85-89 år",46040,92981
"1999","00 Riket","90-94 år",13781,38099
"1999","00 Riket","95-99 år",2094,8068
"1999","00 Riket","100+ år",147,769
"2000","00 Riket","0-4 år",234890,222960
"2000","00 Riket","5-9 år",300423,285489
"2000","00 Riket","10-14 år",301305,285731
"2000","00 Riket","15-19 år",261436,247144
"2000","00 Riket","20-24 år",263245,253477
"2000","00 Riket","25-29 år",301250,290908
"2000","00 Riket","30-34 år",320565,307225
"2000","00 Riket","35-39 år",323998,308090
"2000","00 Riket","40-44 år",297691,286872
"2000","00 Riket","45-49 år",295443,288137
"2000","00 Riket","50-54 år",323949,318019
"2000","00 Riket","55-59 år",299477,291704
"2000","00 Riket","60-64 år",219449,223028
"2000","00 Riket","65-69 år",180608,197651
"2000","00 Riket","70-74 år",164497,197578
"2000","00 Riket","75-79 år",144999,192992
"2000","00 Riket","80-84 år",96552,151039
"2000","00 Riket","85-89 år",46280,93522
"2000","00 Riket","90-94 år",14419,39207
"2000","00 Riket","95-99 år",2114,8438
"2000","00 Riket","100+ år",163,828
"2001","00 Riket","0-4 år",234235,221532
"2001","00 Riket","5-9 år",285277,272123
"2001","00 Riket","10-14 år",311741,295367
"2001","00 Riket","15-19 år",267153,251908
"2001","00 Riket","20-24 år",262376,253257
"2001","00 Riket","25-29 år",295514,285406
"2001","00 Riket","30-34 år",315573,303551
"2001","00 Riket","35-39 år",333853,317223
"2001","00 Riket","40-44 år",296805,286409
"2001","00 Riket","45-49 år",296981,288618
"2001","00 Riket","50-54 år",314475,309213
"2001","00 Riket","55-59 år",315614,307783
"2001","00 Riket","60-64 år",226539,228538
"2001","00 Riket","65-69 år",182444,197835
"2001","00 Riket","70-74 år",163353,195076
"2001","00 Riket","75-79 år",141848,187297
"2001","00 Riket","80-84 år",100398,156086
"2001","00 Riket","85-89 år",47006,93730
"2001","00 Riket","90-94 år",14888,39892
"2001","00 Riket","95-99 år",2212,8958
"2001","00 Riket","100+ år",160,881
"2002","00 Riket","0-4 år",237592,224907
"2002","00 Riket","5-9 år",269606,257430
"2002","00 Riket","10-14 år",320033,302357
"2002","00 Riket","15-19 år",273486,258740
"2002","00 Riket","20-24 år",263207,253797
"2002","00 Riket","25-29 år",289490,279258
"2002","00 Riket","30-34 år",311223,300388
"2002","00 Riket","35-39 år",340942,323976
"2002","00 Riket","40-44 år",298965,287385
"2002","00 Riket","45-49 år",297221,289253
"2002","00 Riket","50-54 år",306699,301737
"2002","00 Riket","55-59 år",323983,317539
"2002","00 Riket","60-64 år",238862,238917
"2002","00 Riket","65-69 år",185492,199000
"2002","00 Riket","70-74 år",163154,193357
"2002","00 Riket","75-79 år",139668,183598
"2002","00 Riket","80-84 år",102175,157481
"2002","00 Riket","85-89 år",47630,93733
"2002","00 Riket","90-94 år",15185,40668
"2002","00 Riket","95-99 år",2324,9201
"2002","00 Riket","100+ år",170,959
"2003","00 Riket","0-4 år",242795,230091
"2003","00 Riket","5-9 år",257058,244541
"2003","00 Riket","10-14 år",320547,303958
"2003","00 Riket","15-19 år",284417,268883
"2003","00 Riket","20-24 år",265094,254923
"2003","00 Riket","25-29 år",282961,272990
"2003","00 Riket","30-34 år",309721,299382
"2003","00 Riket","35-39 år",340576,325320
"2003","00 Riket","40-44 år",304515,292052
"2003","00 Riket","45-49 år",296474,288398
"2003","00 Riket","50-54 år",300404,294814
"2003","00 Riket","55-59 år",326816,321612
"2003","00 Riket","60-64 år",253727,252347
"2003","00 Riket","65-69 år",191707,203970
"2003","00 Riket","70-74 år",161150,189247
"2003","00 Riket","75-79 år",137865,181377
"2003","00 Riket","80-84 år",104159,159034
"2003","00 Riket","85-89 år",48261,93970
"2003","00 Riket","90-94 år",15827,41595
"2003","00 Riket","95-99 år",2393,9499
"2003","00 Riket","100+ år",189,1011
"2004","00 Riket","0-4 år",249343,236215
"2004","00 Riket","5-9 år",246162,233757
"2004","00 Riket","10-14 år",316854,301250
"2004","00 Riket","15-19 år",295205,279492
"2004","00 Riket","20-24 år",266583,255729
"2004","00 Riket","25-29 år",277673,268046
"2004","00 Riket","30-34 år",311248,301389
"2004","00 Riket","35-39 år",332747,318405
"2004","00 Riket","40-44 år",314041,301724
"2004","00 Riket","45-49 år",297580,288858
"2004","00 Riket","50-54 år",294582,289004
"2004","00 Riket","55-59 år",323031,319655
"2004","00 Riket","60-64 år",270743,267741
"2004","00 Riket","65-69 år",199325,209923
"2004","00 Riket","70-74 år",160865,187328
"2004","00 Riket","75-79 år",136416,178141
"2004","00 Riket","80-84 år",105414,160268
"2004","00 Riket","85-89 år",49295,94518
"2004","00 Riket","90-94 år",16385,42549
"2004","00 Riket","95-99 år",2626,10004
"2004","00 Riket","100+ år",193,1085
"2005","00 Riket","0-4 år",254540,241805
"2005","00 Riket","5-9 år",240461,228226
"2005","00 Riket","10-14 år",305500,290244
"2005","00 Riket","15-19 år",307083,291297
"2005","00 Riket","20-24 år",269488,257780
"2005","00 Riket","25-29 år",277042,267019
"2005","00 Riket","30-34 år",310320,299956
"2005","00 Riket","35-39 år",325090,312925
"2005","00 Riket","40-44 år",324954,311210
"2005","00 Riket","45-49 år",296777,288076
"2005","00 Riket","50-54 år",291899,286919
"2005","00 Riket","55-59 år",316538,313944
"2005","00 Riket","60-64 år",288355,284927
"2005","00 Riket","65-69 år",205499,214762
"2005","00 Riket","70-74 år",161208,184807
"2005","00 Riket","75-79 år",135628,176310
"2005","00 Riket","80-84 år",103401,155820
"2005","00 Riket","85-89 år",53291,100585
"2005","00 Riket","90-94 år",16488,43024
"2005","00 Riket","95-99 år",2783,10429
"2005","00 Riket","100+ år",205,1137
"2006","00 Riket","0-4 år",262868,249715
"2006","00 Riket","5-9 år",240491,227530
"2006","00 Riket","10-14 år",291264,277719
"2006","00 Riket","15-19 år",318177,301545
"2006","00 Riket","20-24 år",277497,264080
"2006","00 Riket","25-29 år",279309,268425
"2006","00 Riket","30-34 år",306519,295526
"2006","00 Riket","35-39 år",321309,310138
"2006","00 Riket","40-44 år",335387,320875
"2006","00 Riket","45-49 år",296405,288040
"2006","00 Riket","50-54 år",293715,287580
"2006","00 Riket","55-59 år",307289,305568
"2006","00 Riket","60-64 år",304074,300775
"2006","00 Riket","65-69 år",212488,220066
"2006","00 Riket","70-74 år",163394,185400
"2006","00 Riket","75-79 år",135328,174507
"2006","00 Riket","80-84 år",101820,151991
"2006","00 Riket","85-89 år",56071,104775
"2006","00 Riket","90-94 år",16991,43598
"2006","00 Riket","95-99 år",2908,10693
"2006","00 Riket","100+ år",219,1188
"2007","00 Riket","0-4 år",269594,255711
"2007","00 Riket","5-9 år",244531,231707
"2007","00 Riket","10-14 år",276450,263740
"2007","00 Riket","15-19 år",327748,309280
"2007","00 Riket","20-24 år",285371,272155
"2007","00 Riket","25-29 år",283544,270908
"2007","00 Riket","30-34 år",302586,290615
"2007","00 Riket","35-39 år",318507,307985
"2007","00 Riket","40-44 år",343590,328097
"2007","00 Riket","45-49 år",299074,289554
"2007","00 Riket","50-54 år",294295,288507
"2007","00 Riket","55-59 år",299924,298338
"2007","00 Riket","60-64 år",312190,310513
"2007","00 Riket","65-69 år",224497,229989
"2007","00 Riket","70-74 år",166863,186971
"2007","00 Riket","75-79 år",135982,173149
"2007","00 Riket","80-84 år",101028,149642
"2007","00 Riket","85-89 år",57509,105855
"2007","00 Riket","90-94 år",17390,43976
"2007","00 Riket","95-99 år",3023,11081
"2007","00 Riket","100+ år",225,1233
"2008","00 Riket","0-4 år",275987,260995
"2008","00 Riket","5-9 år",250677,238058
"2008","00 Riket","10-14 år",265004,251681
"2008","00 Riket","15-19 år",329731,311677
"2008","00 Riket","20-24 år",296806,283529
"2008","00 Riket","25-29 år",288322,274567
"2008","00 Riket","30-34 år",298624,286613
"2008","00 Riket","35-39 år",318390,308321
"2008","00 Riket","40-44 år",343994,330256
"2008","00 Riket","45-49 år",305243,294956
"2008","00 Riket","50-54 år",293908,288162
"2008","00 Riket","55-59 år",294055,291851
"2008","00 Riket","60-64 år",315134,314725
"2008","00 Riket","65-69 år",238703,243118
"2008","00 Riket","70-74 år",173080,192032
"2008","00 Riket","75-79 år",135071,169964
"2008","00 Riket","80-84 år",100414,148190
"2008","00 Riket","85-89 år",59288,107249
"2008","00 Riket","90-94 år",17872,44070
"2008","00 Riket","95-99 år",3172,11313
"2008","00 Riket","100+ år",235,1310
"2009","00 Riket","0-4 år",281826,266396
"2009","00 Riket","5-9 år",258574,245360
"2009","00 Riket","10-14 år",255238,242048
"2009","00 Riket","15-19 år",328011,310522
"2009","00 Riket","20-24 år",309505,295948
"2009","00 Riket","25-29 år",293280,278479
"2009","00 Riket","30-34 år",296143,283926
"2009","00 Riket","35-39 år",322241,312257
"2009","00 Riket","40-44 år",337930,325130
"2009","00 Riket","45-49 år",315776,305370
"2009","00 Riket","50-54 år",295746,289390
"2009","00 Riket","55-59 år",288996,286358
"2009","00 Riket","60-64 år",312140,313315
"2009","00 Riket","65-69 år",255340,258417
"2009","00 Riket","70-74 år",180700,197874
"2009","00 Riket","75-79 år",135418,168643
"2009","00 Riket","80-84 år",100039,146170
"2009","00 Riket","85-89 år",60035,108160
"2009","00 Riket","90-94 år",18563,44888
"2009","00 Riket","95-99 år",3263,11631
"2009","00 Riket","100+ år",250,1386
"2010","00 Riket","0-4 år",288931,272857
"2010","00 Riket","5-9 år",264448,251209
"2010","00 Riket","10-14 år",250333,237181
"2010","00 Riket","15-19 år",318174,300431
"2010","00 Riket","20-24 år",323001,309015
"2010","00 Riket","25-29 år",299224,282699
"2010","00 Riket","30-34 år",297392,284477
"2010","00 Riket","35-39 år",321984,311898
"2010","00 Riket","40-44 år",331587,320639
"2010","00 Riket","45-49 år",327013,315514
"2010","00 Riket","50-54 år",295588,289145
"2010","00 Riket","55-59 år",286697,284742
"2010","00 Riket","60-64 år",306094,308051
"2010","00 Riket","65-69 år",272556,275129
"2010","00 Riket","70-74 år",186833,202782
"2010","00 Riket","75-79 år",136309,166733
"2010","00 Riket","80-84 år",100441,145246
"2010","00 Riket","85-89 år",59574,105900
"2010","00 Riket","90-94 år",20528,48384
"2010","00 Riket","95-99 år",3292,11880
"2010","00 Riket","100+ år",245,1414
"2011","00 Riket","0-4 år",291625,275744
"2011","00 Riket","5-9 år",272248,258689
"2011","00 Riket","10-14 år",249905,236059
"2011","00 Riket","15-19 år",304768,287608
"2011","00 Riket","20-24 år",332889,317973
"2011","00 Riket","25-29 år",305922,289214
"2011","00 Riket","30-34 år",299040,286071
"2011","00 Riket","35-39 år",318113,307835
"2011","00 Riket","40-44 år",327593,318120
"2011","00 Riket","45-49 år",337234,325177
"2011","00 Riket","50-54 år",295296,289206
"2011","00 Riket","55-59 år",288780,285657
"2011","00 Riket","60-64 år",297392,300029
"2011","00 Riket","65-69 år",287651,290812
"2011","00 Riket","70-74 år",193710,207722
"2011","00 Riket","75-79 år",138935,167620
"2011","00 Riket","80-84 år",100792,144099
"2011","00 Riket","85-89 år",59320,103997
"2011","00 Riket","90-94 år",21899,50859
"2011","00 Riket","95-99 år",3446,12036
"2011","00 Riket","100+ år",276,1494
"2012","00 Riket","0-4 år",294723,278860
"2012","00 Riket","5-9 år",279307,264686
"2012","00 Riket","10-14 år",253966,240317
"2012","00 Riket","15-19 år",290790,273837
"2012","00 Riket","20-24 år",341574,325579
"2012","00 Riket","25-29 år",311854,297206
"2012","00 Riket","30-34 år",302237,289250
"2012","00 Riket","35-39 år",313690,303087
"2012","00 Riket","40-44 år",324499,316197
"2012","00 Riket","45-49 år",345039,332451
"2012","00 Riket","50-54 år",297800,290908
"2012","00 Riket","55-59 år",289475,286711
"2012","00 Riket","60-64 år",290593,292974
"2012","00 Riket","65-69 år",295656,300275
"2012","00 Riket","70-74 år",205273,217320
"2012","00 Riket","75-79 år",142400,169211
"2012","00 Riket","80-84 år",101818,143362
"2012","00 Riket","85-89 år",58997,102739
"2012","00 Riket","90-94 år",22368,51307
"2012","00 Riket","95-99 år",3571,12150
"2012","00 Riket","100+ år",275,1561
"2013","00 Riket","0-4 år",297494,281525
"2013","00 Riket","5-9 år",286732,271218
"2013","00 Riket","10-14 år",261331,247801
"2013","00 Riket","15-19 år",280793,262834
"2013","00 Riket","20-24 år",343988,327952
"2013","00 Riket","25-29 år",322761,308494
"2013","00 Riket","30-34 år",306955,293034
"2013","00 Riket","35-39 år",309885,299027
"2013","00 Riket","40-44 år",324689,316510
"2013","00 Riket","45-49 år",346209,334920
"2013","00 Riket","50-54 år",304344,296231
"2013","00 Riket","55-59 år",289530,286505
"2013","00 Riket","60-64 år",285139,286756
"2013","00 Riket","65-69 år",298911,304445
"2013","00 Riket","70-74 år",218880,229950
"2013","00 Riket","75-79 år",148372,173932
"2013","00 Riket","80-84 år",101735,140953
"2013","00 Riket","85-89 år",59530,102484
"2013","00 Riket","90-94 år",23082,52174
"2013","00 Riket","95-99 år",3698,12182
"2013","00 Riket","100+ år",299,1580
"2014","00 Riket","0-4 år",300184,283973
"2014","00 Riket","5-9 år",293755,277859
"2014","00 Riket","10-14 år",270418,255844
"2014","00 Riket","15-19 år",273055,254181
"2014","00 Riket","20-24 år",344583,326946
"2014","00 Riket","25-29 år",335238,320517
"2014","00 Riket","30-34 år",312360,297018
"2014","00 Riket","35-39 år",308109,296259
"2014","00 Riket","40-44 år",329565,320549
"2014","00 Riket","45-49 år",341083,329661
"2014","00 Riket","50-54 år",315278,306766
"2014","00 Riket","55-59 år",291556,287752
"2014","00 Riket","60-64 år",280372,281590
"2014","00 Riket","65-69 år",296189,302949
"2014","00 Riket","70-74 år",234581,244676
"2014","00 Riket","75-79 år",155541,179540
"2014","00 Riket","80-84 år",102596,140328
"2014","00 Riket","85-89 år",59867,101621
"2014","00 Riket","90-94 år",23648,52869
"2014","00 Riket","95-99 år",3941,12585
"2014","00 Riket","100+ år",321,1632
"2015","00 Riket","0-4 år",301784,284434
"2015","00 Riket","5-9 år",302956,286162
"2015","00 Riket","10-14 år",278135,263672
"2015","00 Riket","15-19 år",271022,251450
"2015","00 Riket","20-24 år",338198,318250
"2015","00 Riket","25-29 år",348983,333430
"2015","00 Riket","30-34 år",318006,301065
"2015","00 Riket","35-39 år",310663,297907
"2015","00 Riket","40-44 år",330868,321076
"2015","00 Riket","45-49 år",336401,326022
"2015","00 Riket","50-54 år",327170,317295
"2015","00 Riket","55-59 år",292291,287903
"2015","00 Riket","60-64 år",278590,280057
"2015","00 Riket","65-69 år",290875,298056
"2015","00 Riket","70-74 år",250497,260672
"2015","00 Riket","75-79 år",161294,184183
"2015","00 Riket","80-84 år",104170,139009
"2015","00 Riket","85-89 år",60527,101581
"2015","00 Riket","90-94 år",23755,52258
"2015","00 Riket","95-99 år",4466,13988
"2015","00 Riket","100+ år",315,1581
"2016","00 Riket","0-4 år",307392,289649
"2016","00 Riket","5-9 år",309001,291852
"2016","00 Riket","10-14 år",289269,273831
"2016","00 Riket","15-19 år",276575,253037
"2016","00 Riket","20-24 år",331021,309158
"2016","00 Riket","25-29 år",365217,346470
"2016","00 Riket","30-34 år",330321,310855
"2016","00 Riket","35-39 år",315589,301728
"2016","00 Riket","40-44 år",329405,318411
"2016","00 Riket","45-49 år",334272,324719
"2016","00 Riket","50-54 år",338866,327818
"2016","00 Riket","55-59 år",292812,288606
"2016","00 Riket","60-64 år",281162,281260
"2016","00 Riket","65-69 år",282774,290492
"2016","00 Riket","70-74 år",264573,275338
"2016","00 Riket","75-79 år",167768,189018
"2016","00 Riket","80-84 år",106917,140113
"2016","00 Riket","85-89 år",61441,101304
"2016","00 Riket","90-94 år",23869,51695
"2016","00 Riket","95-99 år",4771,14803
"2016","00 Riket","100+ år",332,1649
"2017","00 Riket","0-4 år",309845,292199
"2017","00 Riket","5-9 år",314886,297294
"2017","00 Riket","10-14 år",298557,281896
"2017","00 Riket","15-19 år",286062,258776
"2017","00 Riket","20-24 år",319535,297384
"2017","00 Riket","25-29 år",377368,356635
"2017","00 Riket","30-34 år",340535,321958
"2017","00 Riket","35-39 år",321544,306649
"2017","00 Riket","40-44 år",326651,315024
"2017","00 Riket","45-49 år",332859,323818
"2017","00 Riket","50-54 år",347535,335765
"2017","00 Riket","55-59 år",295905,290709
"2017","00 Riket","60-64 år",282290,282417
"2017","00 Riket","65-69 år",276584,283808
"2017","00 Riket","70-74 år",272290,284194
"2017","00 Riket","75-79 år",178446,198154
"2017","00 Riket","80-84 år",110252,141869
"2017","00 Riket","85-89 år",62448,100717
"2017","00 Riket","90-94 år",23928,51792
"2017","00 Riket","95-99 år",4790,14790
"2017","00 Riket","100+ år",352,1732
"2018","00 Riket","0-4 år",311036,293462
"2018","00 Riket","5-9 år",318534,300939
"2018","00 Riket","10-14 år",306645,289113
"2018","00 Riket","15-19 år",293802,265711
"2018","00 Riket","20-24 år",311168,286425
"2018","00 Riket","25-29 år",380948,360374
"2018","00 Riket","30-34 år",354455,335686
"2018","00 Riket","35-39 år",328012,312107
"2018","00 Riket","40-44 år",323915,311921
"2018","00 Riket","45-49 år",333690,324649
"2018","00 Riket","50-54 år",349187,338662
"2018","00 Riket","55-59 år",302734,296233
"2018","00 Riket","60-64 år",282697,282369
"2018","00 Riket","65-69 år",271523,277788
"2018","00 Riket","70-74 år",275471,288177
"2018","00 Riket","75-79 år",190937,209682
"2018","00 Riket","80-84 år",115206,146321
"2018","00 Riket","85-89 år",62775,99528
"2018","00 Riket","90-94 år",24347,51900
"2018","00 Riket","95-99 år",4994,14995
"2018","00 Riket","100+ år",362,1705
"2019","00 Riket","0-4 år",309567,292151
"2019","00 Riket","5-9 år",320985,303099
"2019","00 Riket","10-14 år",313352,295667
"2019","00 Riket","15-19 år",296072,272837
"2019","00 Riket","20-24 år",310624,277075
"2019","00 Riket","25-29 år",379985,359711
"2019","00 Riket","30-34 år",367181,348710
"2019","00 Riket","35-39 år",333895,316703
"2019","00 Riket","40-44 år",321942,309321
"2019","00 Riket","45-49 år",338208,328884
"2019","00 Riket","50-54 år",344164,333591
"2019","00 Riket","55-59 år",313351,306757
"2019","00 Riket","60-64 år",284848,283542
"2019","00 Riket","65-69 år",267106,272942
"2019","00 Riket","70-74 år",273394,287021
"2019","00 Riket","75-79 år",205253,223345
"2019","00 Riket","80-84 år",121578,151472
"2019","00 Riket","85-89 år",63989,99640
"2019","00 Riket","90-94 år",24740,51904
"2019","00 Riket","95-99 år",5205,15571
"2019","00 Riket","100+ år",375,1832
"2020","00 Riket","0-4 år",305880,289196
"2020","00 Riket","5-9 år",319463,300892
"2020","00 Riket","10-14 år",320338,302029
"2020","00 Riket","15-19 år",298045,278531
"2020","00 Riket","20-24 år",307498,271966
"2020","00 Riket","25-29 år",369377,348382
"2020","00 Riket","30-34 år",378916,361033
"2020","00 Riket","35-39 år",338542,320188
"2020","00 Riket","40-44 år",323615,310620
"2020","00 Riket","45-49 år",338455,328772
"2020","00 Riket","50-54 år",339035,329537
"2020","00 Riket","55-59 år",324658,317015
"2020","00 Riket","60-64 år",285462,283764
"2020","00 Riket","65-69 år",265210,271524
"2020","00 Riket","70-74 år",268233,282384
"2020","00 Riket","75-79 år",219254,237761
"2020","00 Riket","80-84 år",125935,155095
"2020","00 Riket","85-89 år",64699,98675
"2020","00 Riket","90-94 år",24686,51690
"2020","00 Riket","95-99 år",5132,15359
"2020","00 Riket","100+ år",414,2035
"2021","00 Riket","0-4 år",302380,286054
"2021","00 Riket","5-9 år",320980,302622
"2021","00 Riket","10-14 år",322770,304297
"2021","00 Riket","15-19 år",304562,286409
"2021","00 Riket","20-24 år",307170,271045
"2021","00 Riket","25-29 år",356091,336224
"2021","00 Riket","30-34 år",390393,371415
"2021","00 Riket","35-39 år",347980,327998
"2021","00 Riket","40-44 år",325890,312994
"2021","00 Riket","45-49 år",335412,324931
"2021","00 Riket","50-54 år",335990,327506
"2021","00 Riket","55-59 år",335589,327049
"2021","00 Riket","60-64 år",285661,284148
"2021","00 Riket","65-69 år",267652,272568
"2021","00 Riket","70-74 år",260832,275284
"2021","00 Riket","75-79 år",231607,251189
"2021","00 Riket","80-84 år",131553,159458
"2021","00 Riket","85-89 år",66971,100350
"2021","00 Riket","90-94 år",25549,52199
"2021","00 Riket","95-99 år",5239,15653
"2021","00 Riket","100+ år",436,2226
