ISO,GDP.2011,pop.2010,Country name,NOC,F.2012,M.2012,NOC SIZE,NOC.Size.Per.100K.pop,Gold,Silver,Bronze,Total,Bronze.Per.100K.pop,Silver.Per.100K.pop,Gold.Per.100K.pop,Total.Per.100K.pop,Bronze.Per.1BN.GDP,Silver.Per.1BN.GDP,Gold.Per.1BN.GDP,Total.Per.1BN.GDP,Bronze.Per.Athlete,Silver.Per.Athlete,Gold.Per.Athlete,Total.Per.Athlete,Bronze.pop,Silver.pop,Gold.pop,Total.pop,Bronze.GDP,Silver.GDP,Gold.GDP,Total.GDP,Bronze.Athlete,Silver.Athlete,Gold.Athlete,Total.Athlete,GDP rank score,Population rank score,Athlete rank score,Official medal ranking,GDP rank,Pop rank,Team size rank,,"Total medal score (gold=3, silver =2, bronze=1)",Model-based score,Model-based rank
AFG,"20,343,461,030.00","34,385,000",Afghanistan,AFG,1,5,6,0.01744946925,0,0,1,1,0.002908244874,0,0,0.002908244874,0.04915584416,0,0,0.04915584416,0.1666666667,0,0,0.1666666667,0.4,0,0,0.4,5.53,0,0,5.53,17.72,0,0,17.72,5.53,0.4,17.72,79,45,82,39,,1,-0.725820661,107
ALB,"12,959,563,902.00","3,205,000",Albania,ALB,4,7,11,0.3432137285,0,0,0,0,0,0,0,0,0,0,0,0,0,0,0,0,0,0,0,0,0,0,0,0,0,0,0,0,0,0,0,86,86,85,86,,0,-1.173996803,125
DZA,"188,681,000,000.00","35,468,000",Algeria,ALG,18,21,39,0.1099582722,1,0,0,1,0,0,0.002819442878,0.002819442878,0,0,0.00529995071,0.00529995071,0,0,0.02564102564,0.02564102564,0,0,0.3,0.3,0,0,0.54,0.54,0,0,4.23,4.23,1.62,0.9,12.69,58,68,78,58,,3,-5.829172595,169
ASM,"537,000,000.00","68,420",American Samoa,ASA,1,4,5,7.307804735,0,0,0,0,0,0,0,0,0,0,0,0,0,0,0,0,0,0,0,0,0,0,0,0,0,0,0,0,0,0,0,86,86,85,86,,0,-0.104260267,56
AND,"3,491,000,000.00","84,864",Andorra,AND,2,4,6,7.070135747,0,0,0,0,0,0,0,0,0,0,0,0,0,0,0,0,0,0,0,0,0,0,0,0,0,0,0,0,0,0,0,86,86,85,86,,0,-0.412897791,90
AGO,"100,990,000,000.00","19,082,000",Angola,ANG,30,5,35,0.1834189288,0,0,0,0,0,0,0,0,0,0,0,0,0,0,0,0,0,0,0,0,0,0,0,0,0,0,0,0,0,0,0,86,86,85,86,,0,-5.50592713,167
ATG,"1,128,708,617.00","88,000",Antigua and Barbuda,ANT,2,3,5,5.681818182,0,0,0,0,0,0,0,0,0,0,0,0,0,0,0,0,0,0,0,0,0,0,0,0,0,0,0,0,0,0,0,86,86,85,86,,0,-0.180709576,67
ARG,"445,989,000,000.00","40,412,000",Argentina,ARG,43,99,142,0.351380778,1,1,2,4,0.004949025042,0.002474512521,0.002474512521,0.009898050084,0.004484415535,0.002242207767,0.002242207767,0.00896883107,0.01408450704,0.007042253521,0.007042253521,0.02816901408,0.7,0.4,0.3,1.4,0.5,0.34,0.23,1.07,1.5,0.91,1.16,3.57,1.87,2.4,6.8,43,64,65,76,,7,-9.630903908,184
ARM,"10,247,788,877.00","3,092,000",Armenia,ARM,4,21,25,0.808538163,0,1,2,3,0.06468305304,0.03234152652,0,0.09702457956,0.1951640519,0.09758202594,0,0.2927460778,0.08,0.04,0,0.12,9.3,5.3,0,14.6,21.94,14.64,0,36.58,8.5,5.17,0,13.67,51.22,19.9,18.84,53,8,29,37,,4,3.01232648,30
ABW,"2,456,000,000.00","108,000",Aruba,ARU,1,3,4,3.703703704,0,0,0,0,0,0,0,0,0,0,0,0,0,0,0,0,0,0,0,0,0,0,0,0,0,0,0,0,0,0,0,86,86,85,86,,0,-0.320914263,82
AUS,"1,371,760,000,000.00","22,299,000",Australia,AUS,188,225,413,1.852100991,7,16,12,35,0.05381407238,0.07175209651,0.03139154222,0.1569577111,0.008747885928,0.0116638479,0.005102933458,0.02551466729,0.02905569007,0.0387409201,0.01694915254,0.08474576271,7.7,11.9,3.7,23.3,0.98,1.75,0.52,3.25,3.09,5,2.8,10.89,6.04,42.6,21.49,8,44,11,31,,65,27.64116573,7
AUT,"418,484,000,000.00","8,390,000",Austria,AUT,31,39,70,0.8343265793,0,0,0,0,0,0,0,0,0,0,0,0,0,0,0,0,0,0,0,0,0,0,0,0,0,0,0,0,0,0,0,86,86,85,86,,0,-15.30563835,196
AZE,"63,403,650,746.00","9,054,000",Azerbaijan,AZE,14,39,53,0.5853766291,2,2,6,10,0.06626905235,0.02208968412,0.02208968412,0.1104484206,0.09463177482,0.03154392494,0.03154392494,0.1577196247,0.1132075472,0.03773584906,0.03773584906,0.1886792453,9.5,3.7,2.6,15.8,10.64,4.73,3.19,18.56,12.03,4.87,6.23,23.13,29.67,24.7,40.46,27,15,23,11,,16,12.15201545,16
BHS,"7,787,514,000.00","343,000",Bahamas,BAH,11,15,26,7.580174927,1,0,0,1,0,0,0.2915451895,0.2915451895,0,0,0.1284106841,0.1284106841,0,0,0.03846153846,0.03846153846,0,0,33.9,33.9,0,0,12.99,12.99,0,0,6.35,6.35,38.97,101.7,19.05,58,12,3,36,,3,2.232369518,35
BHR,"22,945,000,000.00","1,262,000",Bahrain,BRN,8,4,12,0.9508716323,0,0,1,1,0.07923930269,0,0,0.07923930269,0.04358247984,0,0,0.04358247984,0.08333333333,0,0,0.08333333333,11.4,0,0,11.4,4.9,0,0,4.9,8.86,0,0,8.86,4.9,11.4,8.86,79,48,43,70,,1,-0.745983434,108
BGD,"110,612,000,000.00","148,692,000",Bangladesh,BAN,1,4,5,0.003362655691,0,0,0,0,0,0,0,0,0,0,0,0,0,0,0,0,0,0,0,0,0,0,0,0,0,0,0,0,0,0,0,86,86,85,86,,0,-6.172131553,171
BRB,"3,685,000,000.00","274,000",Barbados,BAR,0,6,6,2.189781022,0,0,0,0,0,0,0,0,0,0,0,0,0,0,0,0,0,0,0,0,0,0,0,0,0,0,0,0,0,0,0,86,86,85,86,,0,-0.4414056,92
BLR,"55,136,144,037.00","9,490,000",Belarus,BLR,77,95,172,1.812434141,2,5,5,12,0.05268703899,0.05268703899,0.0210748156,0.1264488936,0.0906846151,0.0906846151,0.03627384604,0.2176430762,0.02906976744,0.02906976744,0.01162790698,0.06976744186,7.6,8.7,2.5,18.8,10.2,13.6,3.67,27.47,3.09,3.75,1.92,8.76,48.41,32.5,16.35,22,10,17,43,,21,20.52258999,10
BEL,"511,533,000,000.00","10,896,000",Belgium,BEL,44,74,118,1.082966226,0,1,2,3,0.01835535977,0.009177679883,0,0.02753303965,0.00390981618,0.00195490809,0,0.00586472427,0.01694915254,0.008474576271,0,0.02542372881,2.6,1.5,0,4.1,0.44,0.29,0,0.73,1.8,1.09,0,2.89,1.02,5.6,3.98,53,76,57,81,,4,-13.83840704,194
BLZ,"1,474,000,000.00","345,000",Belize,BIZ,1,2,3,0.8695652174,0,0,0,0,0,0,0,0,0,0,0,0,0,0,0,0,0,0,0,0,0,0,0,0,0,0,0,0,0,0,0,86,86,85,86,,0,-0.226797653,75
BEN,"7,294,865,847.00","8,850,000",Benin,BEN,1,4,5,0.05649717514,0,0,0,0,0,0,0,0,0,0,0,0,0,0,0,0,0,0,0,0,0,0,0,0,0,0,0,0,0,0,0,86,86,85,86,,0,-0.788959421,110
BMU,"6,015,000,000.00","64,600",Bermuda,BER,3,5,8,12.38390093,0,0,0,0,0,0,0,0,0,0,0,0,0,0,0,0,0,0,0,0,0,0,0,0,0,0,0,0,0,0,0,86,86,85,86,,0,-0.611213549,101
BTN,"1,688,939,892.00","726,000",Bhutan,BHU,2,0,2,0.2754820937,0,0,0,0,0,0,0,0,0,0,0,0,0,0,0,0,0,0,0,0,0,0,0,0,0,0,0,0,0,0,0,86,86,85,86,,0,-0.254934596,77
BOL,"24,426,829,466.00","9,929,000",Bolivia,BOL,2,3,5,0.05035753852,0,0,0,0,0,0,0,0,0,0,0,0,0,0,0,0,0,0,0,0,0,0,0,0,0,0,0,0,0,0,0,86,86,85,86,,0,-1.917336355,143
BIH,"18,088,238,053.00","3,760,000",Bosnia and Herzegovina,BIH,2,4,6,0.1595744681,0,0,0,0,0,0,0,0,0,0,0,0,0,0,0,0,0,0,0,0,0,0,0,0,0,0,0,0,0,0,0,86,86,85,86,,0,-1.50436418,135
BWA,"17,627,441,191.00","2,007,000",Botswana,BOT,1,3,4,0.1993024415,0,1,0,1,0,0.04982561036,0,0.04982561036,0,0.05672973117,0,0.05672973117,0,0.25,0,0.25,0,8.2,0,8.2,0,8.51,0,8.51,0,32.28,0,32.28,17.02,16.4,64.56,69,26,32,4,,2,0.54511459,43
BRA,"2,476,650,000,000.00","194,946,000",Brazil,BRA,128,138,266,0.136448042,3,5,9,17,0.004616663076,0.00256481282,0.001538887692,0.008720363588,0.003633941009,0.002018856116,0.00121131367,0.006864110795,0.03383458647,0.01879699248,0.01127819549,0.06390977444,0.7,0.4,0.2,1.3,0.41,0.3,0.12,0.83,3.6,2.43,1.86,7.89,1.37,2.1,14.04,15,71,67,54,,28,-32.55746406,202
VGB,"909,000,000.00","88,000",British Virgin Islands,IVB,1,1,2,2.272727273,0,0,0,0,0,0,0,0,0,0,0,0,0,0,0,0,0,0,0,0,0,0,0,0,0,0,0,0,0,0,0,86,86,85,86,,0,-0.154208004,64
BRN,"13,024,000,000.00","399,000",Brunei,BRU,1,2,3,0.7518796992,0,0,0,0,0,0,0,0,0,0,0,0,0,0,0,0,0,0,0,0,0,0,0,0,0,0,0,0,0,0,0,86,86,85,86,,0,-1.122763877,124
BGR,"53,514,098,360.00","7,534,000",Bulgaria,BUL,26,37,63,0.836209185,0,1,1,2,0.01327316167,0.01327316167,0,0.02654632333,0.01868666446,0.01868666446,0,0.03737332892,0.01587301587,0.01587301587,0,0.03174603175,1.9,2.2,0,4.1,2.1,2.8,0,4.9,1.69,2.05,0,3.74,7.7,6.3,5.79,58,38,54,78,,3,-0.384030734,88
BFA,"10,187,211,704.00","16,468,000",Burkina Faso,BUR,3,2,5,0.03036191402,0,0,0,0,0,0,0,0,0,0,0,0,0,0,0,0,0,0,0,0,0,0,0,0,0,0,0,0,0,0,0,86,86,85,86,,0,-1.022234693,119
MMR,"50,200,000,000.00","47,963,000",Burma,MYA,3,3,6,0.01250964285,0,0,0,0,0,0,0,0,0,0,0,0,0,0,0,0,0,0,0,0,0,0,0,0,0,0,0,0,0,0,0,86,86,85,86,,0,-3.370643854,156
BDI,"2,325,972,144.00","8,382,000",Burundi,BDI,4,2,6,0.07158196135,0,0,0,0,0,0,0,0,0,0,0,0,0,0,0,0,0,0,0,0,0,0,0,0,0,0,0,0,0,0,0,86,86,85,86,,0,-0.341077928,85
KHM,"12,875,310,959.00","14,139,000",Cambodia,CAM,3,3,6,0.04243581583,0,0,0,0,0,0,0,0,0,0,0,0,0,0,0,0,0,0,0,0,0,0,0,0,0,0,0,0,0,0,0,86,86,85,86,,0,-1.2092623,128
CMR,"25,464,850,391.00","19,599,000",Cameroon,CMR,27,10,37,0.1887851421,0,0,0,0,0,0,0,0,0,0,0,0,0,0,0,0,0,0,0,0,0,0,0,0,0,0,0,0,0,0,0,86,86,85,86,,0,-2.008068416,146
CAN,"1,736,050,000,000.00","34,126,000",Canada,CAN,158,121,279,0.8175584598,1,5,12,18,0.03516380472,0.0146515853,0.00293031706,0.05274570709,0.006912243311,0.00288010138,0.0005760202759,0.01036836497,0.04301075269,0.01792114695,0.003584229391,0.06451612903,5,2.4,0.3,7.7,0.78,0.43,0.06,1.27,4.57,2.31,0.59,7.47,1.82,10.7,10.96,19,65,46,63,,25,-19.83353822,198
CPV,"1,901,136,230.00","496,000",Cape Verde,CPV,2,1,3,0.6048387097,0,0,0,0,0,0,0,0,0,0,0,0,0,0,0,0,0,0,0,0,0,0,0,0,0,0,0,0,0,0,0,86,86,85,86,,0,-0.275581447,78
CYM,"3,208,000,000.00","56,230",Cayman Islands,CAY,1,4,5,8.892050507,0,0,0,0,0,0,0,0,0,0,0,0,0,0,0,0,0,0,0,0,0,0,0,0,0,0,0,0,0,0,0,86,86,85,86,,0,-0.38442012,89
CAF,"2,165,868,600.00","4,401,000",Central African Republic,CAF,3,3,6,0.1363326517,0,0,0,0,0,0,0,0,0,0,0,0,0,0,0,0,0,0,0,0,0,0,0,0,0,0,0,0,0,0,0,86,86,85,86,,0,-0.318921828,81
TCD,"9,485,741,541.00","11,227,000",Chad,CHA,2,1,3,0.02672129687,0,0,0,0,0,0,0,0,0,0,0,0,0,0,0,0,0,0,0,0,0,0,0,0,0,0,0,0,0,0,0,86,86,85,86,,0,-0.961611177,115
CHL,"248,585,000,000.00","17,113,688",Chile,CHI,14,21,35,0.2045146552,0,0,0,0,0,0,0,0,0,0,0,0,0,0,0,0,0,0,0,0,0,0,0,0,0,0,0,0,0,0,0,86,86,85,86,,0,-10.6245928,190
CHN,"7,298,100,000,000.00","1,338,300,000",China,CHN,208,163,371,0.02772173653,38,27,23,88,0.001718598222,0.002017484869,0.002839423149,0.006575506239,0.003151505186,0.003699593045,0.005206834656,0.01205793289,0.06199460916,0.07277628032,0.102425876,0.2371967655,0.2,0.3,0.3,0.8,0.35,0.55,0.53,1.43,6.59,9.4,16.9,32.89,3.04,1.7,76.09,2,54,73,1,,191,50.24414542,3
COL,"331,655,000,000.00","46,295,000",Colombia,COL,63,46,109,0.2354465925,1,3,4,8,0.008640241927,0.006480181445,0.002160060482,0.01728048385,0.01206072575,0.009045544316,0.003015181439,0.02412145151,0.03669724771,0.02752293578,0.009174311927,0.07339449541,1.2,1.1,0.3,2.6,1.36,1.36,0.3,3.02,3.9,3.55,1.51,8.96,4.98,4.3,15.53,33,47,60,47,,13,-0.429117021,91
COM,"610,114,091.70","735,000",Comoros,COM,2,1,3,0.4081632653,0,0,0,0,0,0,0,0,0,0,0,0,0,0,0,0,0,0,0,0,0,0,0,0,0,0,0,0,0,0,0,86,86,85,86,,0,-0.12095121,57
COG,"14,748,024,198.00","4,043,000",Congo-Brazzaville,CGO,3,4,7,0.1731387583,0,0,0,0,0,0,0,0,0,0,0,0,0,0,0,0,0,0,0,0,0,0,0,0,0,0,0,0,0,0,0,86,86,85,86,,0,-1.297573344,130
COK,"248,000,000.00","20,000",Cook Islands,COK,5,3,8,40,0,0,0,0,0,0,0,0,0,0,0,0,0,0,0,0,0,0,0,0,0,0,0,0,0,0,0,0,0,0,0,86,86,85,86,,0,-0.057538136,51
CRI,"41,006,959,585.00","4,659,000",Costa Rica,CRC,3,8,11,0.2361021678,0,0,0,0,0,0,0,0,0,0,0,0,0,0,0,0,0,0,0,0,0,0,0,0,0,0,0,0,0,0,0,86,86,85,86,,0,-2.753643756,152
HRV,"63,850,068,202.00","4,418,000",Croatia,CRO,45,65,110,2.489814396,3,1,2,6,0.04526935265,0.02263467632,0.06790402897,0.1358080579,0.03132338079,0.0156616904,0.04698507119,0.09397014238,0.01818181818,0.009090909091,0.02727272727,0.05454545455,6.5,3.7,7.9,18.1,3.52,2.35,4.75,10.62,1.93,1.17,4.5,7.6,22.47,37.6,17.77,33,19,15,38,,13,9.195929767,22
CUB,"64,100,000,000.00","11,258,000",Cuba,CUB,45,65,110,0.9770829632,5,3,6,14,0.05329543436,0.02664771718,0.04441286196,0.1243560135,0.09360374415,0.04680187207,0.07800312012,0.2184087363,0.05454545455,0.02727272727,0.04545454545,0.1272727273,7.6,4.4,5.2,17.2,10.52,7.02,7.89,25.43,5.8,3.52,7.5,16.82,48.23,32,35.34,17,11,18,16,,27,23.10147925,8
CYP,"24,689,602,446.00","659,350",Cyprus,CYP,4,9,13,1.971638735,0,1,0,1,0,0.1516645181,0,0.1516645181,0,0.04050287979,0,0.04050287979,0,0.07692307692,0,0.07692307692,0,25.1,0,25.1,0,6.08,0,6.08,0,9.93,0,9.93,12.16,50.2,19.86,69,33,7,35,,2,0.185215959,45
CZE,"215,215,000,000.00","10,520,000",Czech Republic,CZE,65,68,133,1.264258555,4,3,3,10,0.02851711027,0.02851711027,0.03802281369,0.09505703422,0.01393954882,0.01393954882,0.0185860651,0.04646516274,0.02255639098,0.02255639098,0.03007518797,0.07518796992,4.1,4.7,4.4,13.2,1.57,2.09,1.88,5.54,2.4,2.91,4.96,10.27,11.39,26.7,23.1,22,34,21,28,,21,11.54726159,18
COD,"15,642,236,881.00","65,965,000",Democratic Republic of Congo,COD,1,3,4,0.006063821724,0,0,0,0,0,0,0,0,0,0,0,0,0,0,0,0,0,0,0,0,0,0,0,0,0,0,0,0,0,0,0,86,86,85,86,,0,-1.445253297,133
DNK,"332,677,000,000.00","5,547,000",Denmark,DEN,50,65,115,2.073192717,2,4,3,9,0.05408328826,0.07211105102,0.03605552551,0.1622498648,0.009017755961,0.01202367462,0.006011837308,0.02705326788,0.02608695652,0.0347826087,0.01739130435,0.07826086957,7.8,11.9,4.2,23.9,1.01,1.8,0.61,3.42,2.77,4.49,2.87,10.13,6.44,44.2,20.36,26,41,10,34,,17,4.185992703,27
DJI,"1,140,000,000.00","889,000",Djibouti,DJI,3,3,6,0.6749156355,0,0,0,0,0,0,0,0,0,0,0,0,0,0,0,0,0,0,0,0,0,0,0,0,0,0,0,0,0,0,0,86,86,85,86,,0,-0.192048262,70
DMA,"482,277,143.10","68,000",Dominica,DMA,1,1,2,2.941176471,0,0,0,0,0,0,0,0,0,0,0,0,0,0,0,0,0,0,0,0,0,0,0,0,0,0,0,0,0,0,0,86,86,85,86,,0,-0.096352397,55
DOM,"55,611,245,616.00","9,927,000",Dominican Republic,DOM,20,15,35,0.3525737887,1,1,0,2,0,0.01007353682,0.01007353682,0.02014707364,0,0.01798197449,0.01798197449,0.03596394898,0,0.02857142857,0.02857142857,0.05714285714,0,1.7,1.2,2.9,0,2.7,1.82,4.52,0,3.69,4.71,8.4,10.86,7,21.51,50,35,51,30,,5,1.497013797,38
TLS,"1,054,000,000.00","1,124,000",East Timor,TLS,1,1,2,0.1779359431,0,0,0,0,0,0,0,0,0,0,0,0,0,0,0,0,0,0,0,0,0,0,0,0,0,0,0,0,0,0,0,86,86,85,86,,0,-0.182312017,68
ECU,"67,002,768,302.00","14,465,000",Ecuador,ECU,13,23,36,0.2488765987,0,0,0,0,0,0,0,0,0,0,0,0,0,0,0,0,0,0,0,0,0,0,0,0,0,0,0,0,0,0,0,86,86,85,86,,0,-4.050528185,161
EGY,"229,531,000,000.00","81,121,000",Egypt,EGY,35,81,116,0.1429962648,0,2,0,2,0,0.002465452842,0,0.002465452842,0,0.008713419974,0,0.008713419974,0,0.01724137931,0,0.01724137931,0,0.4,0,0.4,0,1.31,0,1.31,0,2.23,0,2.23,2.62,0.8,4.46,53,59,80,80,,4,-6.389442256,172
SLV,"23,054,100,000.00","6,193,000",El Salvador,ESA,5,5,10,0.1614726304,0,0,0,0,0,0,0,0,0,0,0,0,0,0,0,0,0,0,0,0,0,0,0,0,0,0,0,0,0,0,0,86,86,85,86,,0,-1.81781283,140
GNQ,"19,789,801,404.00","700,000",Equatorial Guinea,GEQ,1,1,2,0.2857142857,0,0,0,0,0,0,0,0,0,0,0,0,0,0,0,0,0,0,0,0,0,0,0,0,0,0,0,0,0,0,0,86,86,85,86,,0,-1.545422528,136
ERI,"2,608,715,447.00","5,254,000",Eritrea,ERI,1,11,12,0.2283974115,0,0,0,0,0,0,0,0,0,0,0,0,0,0,0,0,0,0,0,0,0,0,0,0,0,0,0,0,0,0,0,86,86,85,86,,0,-0.366989325,87
EST,"22,184,722,472.00","1,340,000",Estonia,EST,9,24,33,2.462686567,0,1,1,2,0.07462686567,0.07462686567,0,0.1492537313,0.04507606535,0.04507606535,0,0.09015213071,0.0303030303,0.0303030303,0,0.06060606061,10.7,12.3,0,23,5.07,6.76,0,11.83,3.22,3.91,0,7.13,18.59,35.3,11.04,58,21,16,62,,3,1.294220341,40
ETH,"31,708,848,033.00","82,950,000",Ethiopia,ETH,17,18,35,0.04219409283,3,1,3,7,0.003616636528,0.001205545509,0.003616636528,0.008438818565,0.09461081642,0.03153693881,0.09461081642,0.2207585716,0.08571428571,0.02857142857,0.08571428571,0.2,0.5,0.2,0.4,1.1,10.64,4.73,9.57,24.94,9.11,3.69,14.14,26.94,48.81,2.1,58.91,29,9,67,6,,14,11.56185722,17
FJI,"3,812,749,216.00","860,000",Fiji,FIJ,3,6,9,1.046511628,0,0,0,0,0,0,0,0,0,0,0,0,0,0,0,0,0,0,0,0,0,0,0,0,0,0,0,0,0,0,0,86,86,85,86,,0,-0.46471321,94
FIN,"266,071,000,000.00","5,364,000",Finland,FIN,28,28,56,1.043997017,0,1,2,3,0.03728560776,0.01864280388,0,0.05592841163,0.007516790631,0.003758395316,0,0.01127518595,0.03571428571,0.01785714286,0,0.05357142857,5.3,3.1,0,8.4,0.85,0.56,0,1.41,3.8,2.31,0,6.11,1.97,11.5,8.42,53,62,42,71,,4,-6.871019184,174
FRA,"2,773,030,000,000.00","64,895,000",France,FRA,148,187,335,0.5162185068,11,11,12,34,0.0184914092,0.01695045843,0.01695045843,0.05239232607,0.004327396386,0.00396678002,0.00396678002,0.01226095643,0.03582089552,0.0328358209,0.0328358209,0.1014925373,2.7,2.8,2,7.5,0.49,0.6,0.4,1.49,3.81,4.24,5.42,13.47,2.89,14.3,28.55,6,58,36,23,,67,2.869349544,33
GAB,"17,051,616,749.00","1,505,000",Gabon,GAB,2,26,28,1.860465116,0,1,0,1,0,0.06644518272,0,0.06644518272,0,0.0586454654,0,0.0586454654,0,0.03571428571,0,0.03571428571,0,11,0,11,0,8.8,0,8.8,0,4.61,0,4.61,17.6,22,9.22,69,24,26,69,,2,0.589519018,42
GMB,"1,109,306,596.00","1,729,000",Gambia,GAM,1,1,2,0.1156737999,0,0,0,0,0,0,0,0,0,0,0,0,0,0,0,0,0,0,0,0,0,0,0,0,0,0,0,0,0,0,0,86,86,85,86,,0,-0.191169174,69
GEO,"14,366,566,609.00","4,452,000",Georgia,GEO,6,29,35,0.786163522,1,3,3,7,0.06738544474,0.06738544474,0.02246181491,0.1572327044,0.2088181597,0.2088181597,0.06960605322,0.4872423726,0.08571428571,0.08571428571,0.02857142857,0.2,9.7,11.1,2.6,23.4,23.48,31.33,7.04,61.85,9.11,11.07,4.71,24.89,107.26,39.7,45.38,35,5,13,10,,12,10.72425469,19
DEU,"3,570,560,000,000.00","81,777,000",Germany,GER,176,219,395,0.4830208983,11,19,14,44,0.01711972804,0.02323391663,0.01345121489,0.05380485956,0.003920953576,0.005321294139,0.003080749238,0.01232299695,0.03544303797,0.04810126582,0.02784810127,0.1113924051,2.5,3.8,1.6,7.9,0.44,0.8,0.31,1.55,3.77,6.21,4.59,14.57,2.97,14.9,29.96,5,55,35,19,,85,7.408591742,23
GHA,"39,199,656,051.00","24,392,000",Ghana,GHA,3,6,9,0.03689734339,0,0,0,0,0,0,0,0,0,0,0,0,0,0,0,0,0,0,0,0,0,0,0,0,0,0,0,0,0,0,0,86,86,85,86,,0,-2.768334365,153
GRC,"298,734,000,000.00","11,316,000",Greece,GRE,39,66,105,0.9278897137,0,0,2,2,0.01767408978,0,0,0.01767408978,0.006694919226,0,0,0.006694919226,0.01904761905,0,0,0.01904761905,2.5,0,0,2.5,0.75,0,0,0.75,2.02,0,0,2.02,0.75,2.5,2.02,69,79,64,84,,2,-10.03974797,187
GRD,"816,054,092.20","104,000",Grenada,GRN,4,6,10,9.615384615,1,0,0,1,0,0,0.9615384615,0.9615384615,0,0,1.225408964,1.225408964,0,0,0.1,0.1,0,0,111.9,111.9,0,0,123.93,123.93,0,0,16.5,16.5,371.79,335.7,49.5,58,1,1,9,,3,2.856955807,34
GUM,"2,773,000,000.00","179,000",Guam,GUM,3,5,8,4.469273743,0,0,0,0,0,0,0,0,0,0,0,0,0,0,0,0,0,0,0,0,0,0,0,0,0,0,0,0,0,0,0,86,86,85,86,,0,-0.354889313,86
GTM,"46,900,000,257.00","14,389,000",Guatemala,GUA,7,12,19,0.1320453124,0,1,0,1,0,0.006949753284,0,0.006949753284,0,0.0213219615,0,0.0213219615,0,0.05263157895,0,0.05263157895,0,1.1,0,1.1,0,3.2,0,3.2,0,6.8,0,6.8,6.4,2.2,13.6,69,43,66,55,,2,-1.11867268,122
GIN,"5,131,221,608.00","9,982,000",Guinea,GUI,1,2,3,0.03005409738,0,0,0,0,0,0,0,0,0,0,0,0,0,0,0,0,0,0,0,0,0,0,0,0,0,0,0,0,0,0,0,86,86,85,86,,0,-0.611409191,102
GNB,"973,427,456.50","1,515,000",Guinea-Bissau,GBS,2,2,4,0.2640264026,0,0,0,0,0,0,0,0,0,0,0,0,0,0,0,0,0,0,0,0,0,0,0,0,0,0,0,0,0,0,0,86,86,85,86,,0,-0.1731878,66
GUY,"2,260,000,000.00","755,000",Guyana,GUY,2,4,6,0.7947019868,0,0,0,0,0,0,0,0,0,0,0,0,0,0,0,0,0,0,0,0,0,0,0,0,0,0,0,0,0,0,0,86,86,85,86,,0,-0.315855159,80
HTI,"7,346,156,703.00","9,993,000",Haiti,HAI,2,3,5,0.05003502452,0,0,0,0,0,0,0,0,0,0,0,0,0,0,0,0,0,0,0,0,0,0,0,0,0,0,0,0,0,0,0,86,86,85,86,,0,-0.795253377,111
HND,"17,259,407,972.00","7,600,000",Honduras,HON,3,28,31,0.4078947368,0,0,0,0,0,0,0,0,0,0,0,0,0,0,0,0,0,0,0,0,0,0,0,0,0,0,0,0,0,0,0,86,86,85,86,,0,-1.477435918,134
HKG,"243,666,000,000.00","7,068,000",Hong Kong,HKG,20,22,42,0.5942275042,0,0,1,1,0.01414827391,0,0,0.01414827391,0.004103978397,0,0,0.004103978397,0.02380952381,0,0,0.02380952381,2,0,0,2,0.46,0,0,0.46,2.53,0,0,2.53,0.46,2,2.53,79,84,71,83,,1,-9.257915555,183
HUN,"140,029,000,000.00","10,000,000",Hungary,HUN,63,95,158,1.58,8,4,5,17,0.05,0.04,0.08,0.17,0.03570688929,0.02856551143,0.05713102286,0.1214034236,0.03164556962,0.0253164557,0.05063291139,0.1075949367,7.2,6.6,9.3,23.1,4.01,4.29,5.78,14.08,3.36,3.27,8.35,14.98,29.93,48.3,34.95,12,14,8,17,,37,30.10854078,4
ISL,"14,059,073,613.00","318,000",Iceland,ISL,6,22,28,8.805031447,0,0,0,0,0,0,0,0,0,0,0,0,0,0,0,0,0,0,0,0,0,0,0,0,0,0,0,0,0,0,0,86,86,85,86,,0,-1.181234955,126
IND,"1,847,980,000,000.00","1,224,615,000",India,IND,23,60,83,0.00677764032,0,2,4,6,0.0003266332684,0.0001633166342,0,0.0004899499026,0.00216452559,0.001082262795,0,0.003246788385,0.04819277108,0.02409638554,0,0.07228915663,0,0,0,0,0.24,0.16,0,0.4,5.12,3.11,0,8.23,0.56,0,11.34,41,81,85,61,,8,-42.99093458,203
IDN,"846,832,000,000.00","239,870,000",Indonesia,INA,9,13,22,0.009171634635,0,1,1,2,0.0004168924834,0.0004168924834,0,0.0008337849669,0.001180871767,0.001180871767,0,0.002361743534,0.04545454545,0.04545454545,0,0.09090909091,0.1,0.1,0,0.2,0.13,0.18,0,0.31,4.83,5.87,0,10.7,0.49,0.3,16.57,58,82,84,42,,3,-24.72227843,201
IRN,"386,670,000,000.00","73,973,000",Iran,IRI,8,45,53,0.07164776337,4,5,3,12,0.004055533776,0.00675922296,0.005407378368,0.0162221351,0.007758553806,0.01293092301,0.01034473841,0.03103421522,0.05660377358,0.09433962264,0.07547169811,0.2264150943,0.6,1.1,0.6,2.3,0.87,1.94,1.05,3.86,6.02,12.18,12.45,30.65,7.9,4.6,67.73,19,37,59,3,,25,9.808881636,20
IRQ,"115,388,000,000.00","32,031,000",Iraq,IRQ,3,5,8,0.02497580469,0,0,0,0,0,0,0,0,0,0,0,0,0,0,0,0,0,0,0,0,0,0,0,0,0,0,0,0,0,0,0,86,86,85,86,,0,-6.143880193,170
IRL,"217,275,000,000.00","4,475,000",Ireland,IRL,30,36,66,1.474860335,1,1,3,5,0.06703910615,0.02234636872,0.02234636872,0.1117318436,0.01380738695,0.004602462317,0.004602462317,0.02301231159,0.04545454545,0.01515151515,0.01515151515,0.07575757576,9.6,3.7,2.6,15.9,1.55,0.69,0.47,2.71,4.83,1.96,2.5,9.29,4.34,24.8,16.25,41,49,22,44,,8,-1.332347718,132
ISR,"242,929,000,000.00","7,624,000",Israel,ISR,18,20,38,0.4984260231,0,0,0,0,0,0,0,0,0,0,0,0,0,0,0,0,0,0,0,0,0,0,0,0,0,0,0,0,0,0,0,86,86,85,86,,0,-10.25314325,188
ITA,"2,194,750,000,000.00","60,483,000",Italy,ITA,122,159,281,0.4645933568,8,9,11,28,0.01818692856,0.01488021428,0.01322685713,0.04629399997,0.00501196036,0.00410069484,0.00364506208,0.01275771728,0.03914590747,0.03202846975,0.02846975089,0.09964412811,2.6,2.5,1.5,6.6,0.56,0.62,0.37,1.55,4.16,4.14,4.7,13,2.91,12.1,26.54,10,57,40,24,,53,-0.945001112,114
CIV,"24,074,625,536.00","19,738,000",Ivory Coast,CIV,6,4,10,0.0506636944,0,0,0,0,0,0,0,0,0,0,0,0,0,0,0,0,0,0,0,0,0,0,0,0,0,0,0,0,0,0,0,86,86,85,86,,0,-1.927473846,144
JAM,"15,069,767,442.00","2,702,000",Jamaica,JAM,25,25,50,1.850481125,4,4,4,12,0.14803849,0.14803849,0.14803849,0.44411547,0.2654320988,0.2654320988,0.2654320988,0.7962962963,0.08,0.08,0.08,0.24,21.2,24.5,17.2,62.9,29.84,39.82,26.84,96.5,8.5,10.33,13.2,32.03,190,121.8,68.76,21,2,2,2,,24,22.69399569,9
JPN,"5,867,150,000,000.00","127,451,000",Japan,JPN,162,141,303,0.237738425,7,14,17,38,0.01333845949,0.01098461369,0.005492306847,0.02981538003,0.002897488559,0.002386167049,0.001193083524,0.006476739132,0.05610561056,0.04620462046,0.02310231023,0.1254125413,1.9,1.8,0.6,4.3,0.33,0.36,0.12,0.81,5.96,5.97,3.81,15.74,1.41,7.3,29.33,7,70,50,21,,66,-46.79358101,204
JOR,"28,840,197,019.00","6,047,000",Jordan,JOR,4,5,9,0.1488341326,0,0,0,0,0,0,0,0,0,0,0,0,0,0,0,0,0,0,0,0,0,0,0,0,0,0,0,0,0,0,0,86,86,85,86,,0,-2.14067714,147
KAZ,"186,198,000,000.00","16,323,000",Kazakhstan,KAZ,41,74,115,0.704527354,7,1,5,13,0.03063162409,0.006126324818,0.04288427372,0.07964222263,0.02685313483,0.005370626967,0.03759438877,0.06981815057,0.04347826087,0.008695652174,0.06086956522,0.1130434783,4.4,1,5,10.4,3.02,0.81,3.8,7.63,4.62,1.12,10.04,15.78,16.04,21.4,36.98,15,28,28,14,,28,19.4118488,11
KEN,"33,620,684,016.00","40,513,000",Kenya,KEN,21,29,50,0.1234171747,2,4,5,11,0.01234171747,0.009873373979,0.004936686989,0.02715177844,0.1487179737,0.1189743789,0.05948718946,0.3271795421,0.1,0.08,0.04,0.22,1.8,1.6,0.6,4,16.72,17.85,6.02,40.59,10.63,10.33,6.6,27.56,70.48,6.8,51.09,24,6,53,7,,19,16.49690408,13
KIR,"177,960,936.90","100,000",Kiribati,KIR,1,2,3,3,0,0,0,0,0,0,0,0,0,0,0,0,0,0,0,0,0,0,0,0,0,0,0,0,0,0,0,0,0,0,0,86,86,85,86,,0,-0.046834031,50
KWT,"176,590,000,000.00","2,736,000",Kuwait,KUW,2,8,10,0.365497076,0,0,1,1,0.0365497076,0,0,0.0365497076,0.005662834815,0,0,0.005662834815,0.1,0,0,0.1,5.2,0,0,5.2,0.64,0,0,0.64,10.63,0,0,10.63,0.64,5.2,10.63,79,80,58,64,,1,-6.926461276,175
KGZ,"5,918,610,958.00","5,448,000",Kyrgyzstan,KGZ,3,11,14,0.2569750367,0,0,0,0,0,0,0,0,0,0,0,0,0,0,0,0,0,0,0,0,0,0,0,0,0,0,0,0,0,0,0,86,86,85,86,,0,-0.66935983,104
LAO,"8,297,664,741.00","6,201,000",Laos,LAO,1,2,3,0.04837929366,0,0,0,0,0,0,0,0,0,0,0,0,0,0,0,0,0,0,0,0,0,0,0,0,0,0,0,0,0,0,0,86,86,85,86,,0,-0.859914973,113
LVA,"28,252,498,853.00","2,239,000",Latvia,LAT,14,32,46,2.054488611,1,0,1,2,0.04466279589,0,0.04466279589,0.08932559178,0.03539509922,0,0.03539509922,0.07079019843,0.02173913043,0,0.02173913043,0.04347826087,6.4,0,5.2,11.6,3.98,0,3.58,7.56,2.31,0,3.59,5.9,14.72,22,13.08,53,30,26,57,,4,1.939332874,36
LBN,"42,185,230,768.00","4,227,000",Lebanon,LIB,7,3,10,0.2365744026,0,0,0,0,0,0,0,0,0,0,0,0,0,0,0,0,0,0,0,0,0,0,0,0,0,0,0,0,0,0,0,86,86,85,86,,0,-2.805056703,154
LSO,"2,426,200,017.00","2,171,000",Lesotho,LES,2,2,4,0.1842468908,0,0,0,0,0,0,0,0,0,0,0,0,0,0,0,0,0,0,0,0,0,0,0,0,0,0,0,0,0,0,0,86,86,85,86,,0,-0.34094793,84
LBR,"1,161,000,000.00","3,994,000",Liberia,LBR,2,2,4,0.1001502253,0,0,0,0,0,0,0,0,0,0,0,0,0,0,0,0,0,0,0,0,0,0,0,0,0,0,0,0,0,0,0,86,86,85,86,,0,-0.201525369,73
LBY,"71,950,000,000.00","6,355,000",Libya,LBA,1,4,5,0.07867820614,0,0,0,0,0,0,0,0,0,0,0,0,0,0,0,0,0,0,0,0,0,0,0,0,0,0,0,0,0,0,0,86,86,85,86,,0,-4.187000149,163
LIE,"5,145,000,000.00","36,032",Liechtenstein,LIE,2,1,3,8.325932504,0,0,0,0,0,0,0,0,0,0,0,0,0,0,0,0,0,0,0,0,0,0,0,0,0,0,0,0,0,0,0,86,86,85,86,,0,-0.537794287,99
LTU,"42,725,404,055.00","3,287,000",Lithuania,LTU,23,39,62,1.886218436,2,1,2,5,0.06084575601,0.030422878,0.06084575601,0.15211439,0.04681055789,0.02340527895,0.04681055789,0.1170263947,0.03225806452,0.01612903226,0.03225806452,0.08064516129,8.7,5,7.1,20.8,5.26,3.51,4.73,13.5,3.43,2.08,5.32,10.83,26.47,40,23.55,38,17,12,27,,10,7.185120612,24
LUX,"59,474,583,333.00","507,000",Luxembourg,LUX,4,5,9,1.775147929,0,0,0,0,0,0,0,0,0,0,0,0,0,0,0,0,0,0,0,0,0,0,0,0,0,0,0,0,0,0,0,86,86,85,86,,0,-3.434694843,157
MKD,"10,165,373,218.00","2,060,000",Macedonia,MKD,2,2,4,0.1941747573,0,0,0,0,0,0,0,0,0,0,0,0,0,0,0,0,0,0,0,0,0,0,0,0,0,0,0,0,0,0,0,86,86,85,86,,0,-0.972656836,116
MDG,"9,946,995,390.00","20,714,000",Madagascar,MAD,4,3,7,0.03379356957,0,0,0,0,0,0,0,0,0,0,0,0,0,0,0,0,0,0,0,0,0,0,0,0,0,0,0,0,0,0,0,86,86,85,86,,0,-1.009871258,118
MWI,"5,700,383,783.00","14,901,000",Malawi,MAW,2,1,3,0.02013287699,0,0,0,0,0,0,0,0,0,0,0,0,0,0,0,0,0,0,0,0,0,0,0,0,0,0,0,0,0,0,0,86,86,85,86,,0,-0.666542349,103
MYS,"278,671,000,000.00","28,401,000",Malaysia,MAS,13,17,30,0.1056300834,0,1,1,2,0.003521002782,0.003521002782,0,0.007042005563,0.003588460945,0.003588460945,0,0.00717692189,0.03333333333,0.03333333333,0,0.06666666667,0.5,0.6,0,1.1,0.4,0.54,0,0.94,3.54,4.3,0,7.84,1.48,1.7,12.14,58,69,73,60,,3,-8.688393528,181
MDV,"2,050,135,788.00","316,000",Maldives,MDV,2,3,5,1.582278481,0,0,0,0,0,0,0,0,0,0,0,0,0,0,0,0,0,0,0,0,0,0,0,0,0,0,0,0,0,0,0,86,86,85,86,,0,-0.288217987,79
MLI,"10,589,925,352.00","15,370,000",Mali,MLI,2,4,6,0.03903708523,0,0,0,0,0,0,0,0,0,0,0,0,0,0,0,0,0,0,0,0,0,0,0,0,0,0,0,0,0,0,0,86,86,85,86,,0,-1.050004575,121
MLT,"8,886,572,143.00","416,000",Malta,MLT,2,3,5,1.201923077,0,0,0,0,0,0,0,0,0,0,0,0,0,0,0,0,0,0,0,0,0,0,0,0,0,0,0,0,0,0,0,86,86,85,86,,0,-0.849366097,112
MHL,"173,700,000.00","54,038",Marshall Islands,MHL,2,2,4,7.402198453,0,0,0,0,0,0,0,0,0,0,0,0,0,0,0,0,0,0,0,0,0,0,0,0,0,0,0,0,0,0,0,86,86,85,86,,0,-0.045358712,48
MRT,"4,075,675,053.00","3,460,000",Mauritania,MTN,1,1,2,0.05780346821,0,0,0,0,0,0,0,0,0,0,0,0,0,0,0,0,0,0,0,0,0,0,0,0,0,0,0,0,0,0,0,86,86,85,86,,0,-0.503968119,98
MUS,"11,313,454,891.00","1,281,000",Mauritius,MRI,7,4,11,0.8587041374,0,0,0,0,0,0,0,0,0,0,0,0,0,0,0,0,0,0,0,0,0,0,0,0,0,0,0,0,0,0,0,86,86,85,86,,0,-1.04045911,120
MEX,"1,155,320,000,000.00","113,423,000",Mexico,MEX,38,68,106,0.09345547199,1,3,3,7,0.002644966189,0.002644966189,0.0008816553962,0.006171587773,0.00259668317,0.00259668317,0.0008655610567,0.006058927397,0.02830188679,0.02830188679,0.009433962264,0.06603773585,0.4,0.4,0.1,0.9,0.29,0.39,0.09,0.77,3.01,3.65,1.56,8.22,1.34,1.5,14.99,35,72,75,49,,12,-22.20757191,199
FSM,"318,100,000.00","111,000",Micronesia,FSM,2,4,6,5.405405405,0,0,0,0,0,0,0,0,0,0,0,0,0,0,0,0,0,0,0,0,0,0,0,0,0,0,0,0,0,0,0,86,86,85,86,,0,-0.071844353,53
MDA,"7,000,318,677.00","3,562,000",Moldova,MDA,10,12,22,0.6176305446,0,0,2,2,0.05614823133,0,0,0.05614823133,0.2857012791,0,0,0.2857012791,0.09090909091,0,0,0.09090909091,8.1,0,0,8.1,32.12,0,0,32.12,9.66,0,0,9.66,32.12,8.1,9.66,69,13,48,67,,2,1.250471493,41
MCO,"5,424,000,000.00","35,407",Monaco,MON,1,5,6,16.94580168,0,0,0,0,0,0,0,0,0,0,0,0,0,0,0,0,0,0,0,0,0,0,0,0,0,0,0,0,0,0,0,86,86,85,86,,0,-0.558780253,100
MNG,"8,557,529,910.00","2,756,000",Mongolia,MGL,13,16,29,1.052249637,0,2,3,5,0.1088534107,0.07256894049,0,0.1814223512,0.3505684504,0.2337123003,0,0.5842807507,0.1034482759,0.06896551724,0,0.1724137931,15.6,12,0,27.6,39.41,35.06,0,74.47,11,8.91,0,19.91,109.53,39.6,28.82,43,4,14,22,,7,6.136803091,25
MNE,"4,550,463,278.00","632,000",Montenegro,MNE,16,18,34,5.379746835,0,1,0,1,0,0.1582278481,0,0.1582278481,0,0.2197578442,0,0.2197578442,0,0.02941176471,0,0.02941176471,0,26.2,0,26.2,0,32.97,0,32.97,0,3.8,0,3.8,65.94,52.4,7.6,69,7,6,74,,2,1.474756903,39
MAR,"100,221,000,000.00","31,951,000",Morocco,MAR,18,54,72,0.2253450596,0,0,1,1,0.003129792495,0,0,0.003129792495,0.009977948733,0,0,0.009977948733,0.01388888889,0,0,0.01388888889,0.4,0,0,0.4,1.12,0,0,1.12,1.48,0,0,1.48,1.12,0.4,1.48,79,75,82,85,,1,-4.540937017,165
MOZ,"12,797,754,231.00","23,390,000",Mozambique,MOZ,2,4,6,0.02565198803,0,0,0,0,0,0,0,0,0,0,0,0,0,0,0,0,0,0,0,0,0,0,0,0,0,0,0,0,0,0,0,86,86,85,86,,0,-1.218039383,129
NAM,"12,300,698,895.00","2,283,000",Namibia,NAM,4,5,9,0.394218134,0,0,0,0,0,0,0,0,0,0,0,0,0,0,0,0,0,0,0,0,0,0,0,0,0,0,0,0,0,0,0,86,86,85,86,,0,-1.121126395,123
NRU,"63,000,000.00","10,372",Nauru,NRU,0,2,2,19.28268415,0,0,0,0,0,0,0,0,0,0,0,0,0,0,0,0,0,0,0,0,0,0,0,0,0,0,0,0,0,0,0,86,86,85,86,,0,-0.020767958,47
NPL,"18,884,495,628.00","29,959,000",Nepal,NEP,3,2,5,0.01668947562,0,0,0,0,0,0,0,0,0,0,0,0,0,0,0,0,0,0,0,0,0,0,0,0,0,0,0,0,0,0,0,86,86,85,86,,0,-1.629047083,138
NLD,"836,257,000,000.00","16,616,000",Netherlands,NED,84,98,182,1.095329803,6,6,8,20,0.04814636495,0.03610977371,0.03610977371,0.1203659124,0.009566437112,0.007174827834,0.007174827834,0.02391609278,0.04395604396,0.03296703297,0.03296703297,0.1098901099,6.9,6,4.2,17.1,1.08,1.08,0.73,2.89,4.67,4.26,5.44,14.37,5.43,31.5,29.51,11,46,19,20,,38,12.1786987,15
NZL,"141,406,000,000.00","4,368,000",New Zealand,NZL,93,103,196,4.487179487,6,2,5,13,0.1144688645,0.04578754579,0.1373626374,0.2976190476,0.03535917854,0.01414367141,0.04243101424,0.09193386419,0.02551020408,0.01020408163,0.0306122449,0.06632653061,16.4,7.6,16,40,3.98,2.12,4.29,10.39,2.71,1.32,5.05,9.08,21.09,79.6,20.5,17,20,4,33,,27,19.19084165,12
NIC,"7,297,481,501.00","5,789,000",Nicaragua,NCA,3,3,6,0.1036448437,0,0,0,0,0,0,0,0,0,0,0,0,0,0,0,0,0,0,0,0,0,0,0,0,0,0,0,0,0,0,0,86,86,85,86,,0,-0.7814468,109
NER,"6,016,960,988.00","15,512,000",Niger,NIG,2,4,6,0.03867973182,0,0,0,0,0,0,0,0,0,0,0,0,0,0,0,0,0,0,0,0,0,0,0,0,0,0,0,0,0,0,0,86,86,85,86,,0,-0.69410874,105
NGA,"235,923,000,000.00","158,423,000",Nigeria,NGR,23,30,53,0.03345473826,0,0,0,0,0,0,0,0,0,0,0,0,0,0,0,0,0,0,0,0,0,0,0,0,0,0,0,0,0,0,0,86,86,85,86,,0,-10.76621897,192
PRK,"12,280,000,000.00","24,589,122",North Korea,PRK,40,15,55,0.2236761443,4,0,2,6,0.008133677974,0,0.01626735595,0.02440103392,0.1628664495,0,0.325732899,0.4885993485,0.03636363636,0,0.07272727273,0.1090909091,1.2,0,1.9,3.1,18.31,0,32.94,51.25,3.87,0,12,15.87,117.13,6.9,39.87,29,3,52,12,,14,12.81688937,14
NOR,"485,803,000,000.00","4,889,000",Norway,NOR,32,33,65,1.329515238,2,1,1,4,0.02045408059,0.02045408059,0.04090816118,0.08181632236,0.00205844756,0.00205844756,0.00411689512,0.00823379024,0.01538461538,0.01538461538,0.03076923077,0.06153846154,2.9,3.4,4.8,11.1,0.23,0.31,0.42,0.96,1.64,1.99,5.08,8.71,2.11,24.1,20.86,40,60,24,32,,9,-7.860715111,177
OMN,"71,781,535,039.00","2,783,000",Oman,OMA,1,3,4,0.143729788,0,0,0,0,0,0,0,0,0,0,0,0,0,0,0,0,0,0,0,0,0,0,0,0,0,0,0,0,0,0,0,86,86,85,86,,0,-4.100642988,162
PAK,"211,092,000,000.00","173,593,000",Pakistan,PAK,2,21,23,0.01324938218,0,0,0,0,0,0,0,0,0,0,0,0,0,0,0,0,0,0,0,0,0,0,0,0,0,0,0,0,0,0,0,86,86,85,86,,0,-9.944917711,186
PLW,"179,912,815.90","20,472",Palau,PLW,3,2,5,24.42360297,0,0,0,0,0,0,0,0,0,0,0,0,0,0,0,0,0,0,0,0,0,0,0,0,0,0,0,0,0,0,0,86,86,85,86,,0,-0.04550703,49
PSE,"4,000,000,000.00","4,152,000",Palestine,PLE,2,3,5,0.1204238921,0,0,0,0,0,0,0,0,0,0,0,0,0,0,0,0,0,0,0,0,0,0,0,0,0,0,0,0,0,0,0,86,86,85,86,,0,-0.499199503,97
PAN,"30,676,800,000.00","3,517,000",Panama,PAN,2,6,8,0.2274665908,0,0,0,0,0,0,0,0,0,0,0,0,0,0,0,0,0,0,0,0,0,0,0,0,0,0,0,0,0,0,0,86,86,85,86,,0,-2.211777666,148
PNG,"12,937,183,216.00","6,858,000",Papua New Guinea,PNG,4,4,8,0.1166520852,0,0,0,0,0,0,0,0,0,0,0,0,0,0,0,0,0,0,0,0,0,0,0,0,0,0,0,0,0,0,0,86,86,85,86,,0,-1.19335143,127
PRY,"23,877,089,240.00","6,454,000",Paraguay,PAR,4,4,8,0.123954137,0,0,0,0,0,0,0,0,0,0,0,0,0,0,0,0,0,0,0,0,0,0,0,0,0,0,0,0,0,0,0,86,86,85,86,,0,-1.866911316,141
PER,"176,662,000,000.00","29,076,000",Peru,PER,7,9,16,0.05502820195,0,0,0,0,0,0,0,0,0,0,0,0,0,0,0,0,0,0,0,0,0,0,0,0,0,0,0,0,0,0,0,86,86,85,86,,0,-8.374923852,180
PHL,"224,754,000,000.00","93,261,000",Philippines,PHI,4,7,11,0.0117948553,0,0,0,0,0,0,0,0,0,0,0,0,0,0,0,0,0,0,0,0,0,0,0,0,0,0,0,0,0,0,0,86,86,85,86,,0,-10.26369578,189
POL,"514,496,000,000.00","38,184,000",Poland,POL,87,130,217,0.568300859,2,2,6,10,0.01571338781,0.005237795935,0.005237795935,0.02618897968,0.01166189825,0.003887299415,0.003887299415,0.01943649708,0.02764976959,0.009216589862,0.009216589862,0.04608294931,2.3,0.9,0.6,3.8,1.31,0.58,0.39,2.28,2.94,1.19,1.52,5.65,3.64,5.9,9.88,27,52,55,66,,16,-2.441950555,150
PRT,"237,522,000,000.00","10,638,000",Portugal,POR,34,46,80,0.7520210566,0,1,0,1,0,0.009400263207,0,0.009400263207,0,0.004210136324,0,0.004210136324,0,0.0125,0,0.0125,0,1.6,0,1.6,0,0.63,0,0.63,0,1.61,0,1.61,1.26,3.2,3.22,69,74,62,82,,2,-8.163576042,179
PRI,"99,202,000,000.00","3,978,000",Puerto Rico,PUR,6,19,25,0.6284565108,0,1,1,2,0.02513826043,0.02513826043,0,0.05027652086,0.01008044193,0.01008044193,0,0.02016088385,0.04,0.04,0,0.08,3.6,4.2,0,7.8,1.13,1.51,0,2.64,4.25,5.17,0,9.42,4.15,12,14.59,58,50,41,50,,3,-2.240542676,149
QAT,"172,982,000,000.00","1,759,000",Qatar,QAT,4,8,12,0.6822057987,0,0,2,2,0.1137009665,0,0,0.1137009665,0.01156189661,0,0,0.01156189661,0.1666666667,0,0,0.1666666667,16.3,0,0,16.3,1.3,0,0,1.3,17.72,0,0,17.72,1.3,16.3,17.72,69,73,33,39,,2,-5.728024835,168
ROU,"179,794,000,000.00","21,438,000",Romania,ROU,49,54,103,0.4804552663,2,5,2,9,0.009329228473,0.02332307118,0.009329228473,0.04198152813,0.01112384173,0.02780960432,0.01112384173,0.05005728778,0.01941747573,0.04854368932,0.01941747573,0.08737864078,1.3,3.9,1.1,6.3,1.25,4.17,1.12,6.54,2.06,6.27,3.2,11.53,12.95,12.4,24.2,25,32,39,26,,18,9.576227927,21
RUS,"1,857,770,000,000.00","141,750,000",Russia,RUS,227,208,435,0.3068783069,24,26,32,82,0.02257495591,0.01834215168,0.01693121693,0.05784832451,0.0172249525,0.0139952739,0.01291871437,0.04413894077,0.07356321839,0.05977011494,0.05517241379,0.1885057471,3.2,3,2,8.2,1.94,2.1,1.31,5.35,7.82,7.72,9.1,24.64,10.07,15.2,50.56,3,36,34,8,,156,106.3049075,1
RWA,"6,377,408,665.00","10,624,000",Rwanda,RWA,2,5,7,0.06588855422,0,0,0,0,0,0,0,0,0,0,0,0,0,0,0,0,0,0,0,0,0,0,0,0,0,0,0,0,0,0,0,86,86,85,86,,0,-0.718009575,106
KNA,"708,955,238.40","52,000",Saint Kitts and Nevis,SKN,1,6,7,13.46153846,0,0,0,0,0,0,0,0,0,0,0,0,0,0,0,0,0,0,0,0,0,0,0,0,0,0,0,0,0,0,0,86,86,85,86,,0,-0.126980951,60
LCA,"1,232,180,089.00","174,000",Saint Lucia,LCA,3,1,4,2.298850575,0,0,0,0,0,0,0,0,0,0,0,0,0,0,0,0,0,0,0,0,0,0,0,0,0,0,0,0,0,0,0,86,86,85,86,,0,-0.195768665,72
VCT,"687,993,692.70","109,000",Saint Vincent and the Grenadines,VIN,1,2,3,2.752293578,0,0,0,0,0,0,0,0,0,0,0,0,0,0,0,0,0,0,0,0,0,0,0,0,0,0,0,0,0,0,0,86,86,85,86,,0,-0.126367157,59
WSM,"649,414,531.10","184,000",Samoa,SAM,3,5,8,4.347826087,0,0,0,0,0,0,0,0,0,0,0,0,0,0,0,0,0,0,0,0,0,0,0,0,0,0,0,0,0,0,0,86,86,85,86,,0,-0.122614186,58
SMR,"1,487,000,000.00","31,534",San Marino,SMR,3,1,4,12.68472125,0,0,0,0,0,0,0,0,0,0,0,0,0,0,0,0,0,0,0,0,0,0,0,0,0,0,0,0,0,0,0,86,86,85,86,,0,-0.215957372,74
STP,"248,286,777.50","165,000",Sao Tome and Principe,STP,1,1,2,1.212121212,0,0,0,0,0,0,0,0,0,0,0,0,0,0,0,0,0,0,0,0,0,0,0,0,0,0,0,0,0,0,0,86,86,85,86,,0,-0.060471191,52
SAU,"576,824,000,000.00","27,448,000",Saudi Arabia,KSA,2,17,19,0.06922180122,0,0,1,1,0.003643252696,0,0,0.003643252696,0.001733631056,0,0,0.001733631056,0.05263157895,0,0,0.05263157895,0.5,0,0,0.5,0.19,0,0,0.19,5.59,0,0,5.59,0.19,0.5,5.59,79,85,81,79,,1,-18.90061637,197
SEN,"14,291,456,855.00","12,434,000",Senegal,SEN,7,28,35,0.2814862474,0,0,0,0,0,0,0,0,0,0,0,0,0,0,0,0,0,0,0,0,0,0,0,0,0,0,0,0,0,0,0,86,86,85,86,,0,-1.301448383,131
SRB,"45,043,430,299.00","7,291,000",Serbia,SRB,36,80,116,1.591002606,1,1,2,4,0.02743107941,0.01371553971,0.01371553971,0.05486215883,0.04440159168,0.02220079584,0.02220079584,0.08880318336,0.01724137931,0.008620689655,0.008620689655,0.03448275862,3.9,2.3,1.6,7.8,4.99,3.33,2.25,10.57,1.83,1.11,1.42,4.36,18.4,13.3,8.31,43,22,38,72,,7,4.019550572,28
SYC,"1,007,186,292.00","87,000",Seychelles,SEY,2,4,6,6.896551724,0,0,0,0,0,0,0,0,0,0,0,0,0,0,0,0,0,0,0,0,0,0,0,0,0,0,0,0,0,0,0,86,86,85,86,,0,-0.166197597,65
SLE,"2,242,960,927.00","5,867,000",Sierra Leone,SLE,1,1,2,0.03408897222,0,0,0,0,0,0,0,0,0,0,0,0,0,0,0,0,0,0,0,0,0,0,0,0,0,0,0,0,0,0,0,86,86,85,86,,0,-0.329384743,83
SGP,"239,700,000,000.00","5,077,000",Singapore,SIN,15,8,23,0.453023439,0,0,2,2,0.03939334253,0,0,0.03939334253,0.008343763037,0,0,0.008343763037,0.08695652174,0,0,0.08695652174,5.7,0,0,5.7,0.94,0,0,0.94,9.24,0,0,9.24,0.94,5.7,9.24,69,78,56,68,,2,-8.057970554,178
SVK,"95,994,147,901.00","5,430,000",Slovakia,SVK,20,26,46,0.847145488,0,1,3,4,0.05524861878,0.01841620626,0,0.07366482505,0.0312519051,0.0104173017,0,0.0416692068,0.0652173913,0.02173913043,0,0.08695652174,7.9,3,0,10.9,3.51,1.56,0,5.07,6.93,2.81,0,9.74,6.63,13.9,12.55,50,39,37,59,,5,-0.152857505,63
SVN,"49,539,271,105.00","2,049,000",Slovenia,SLO,40,28,68,3.318692045,1,1,2,4,0.09760858956,0.04880429478,0.04880429478,0.1952171791,0.04037201104,0.02018600552,0.02018600552,0.08074402208,0.02941176471,0.01470588235,0.01470588235,0.05882352941,14,8.1,5.7,27.8,4.54,3.03,2.04,9.61,3.13,1.9,2.43,7.46,16.72,47.3,14.22,43,27,9,51,,7,3.896990114,29
SLB,"838,022,104.90","538,000",Solomon Islands,SOL,2,2,4,0.7434944238,0,0,0,0,0,0,0,0,0,0,0,0,0,0,0,0,0,0,0,0,0,0,0,0,0,0,0,0,0,0,0,86,86,85,86,,0,-0.151513698,62
SOM,"1,071,000,000.00","9,331,000",Somalia,SOM,1,1,2,0.02143392991,0,0,0,0,0,0,0,0,0,0,0,0,0,0,0,0,0,0,0,0,0,0,0,0,0,0,0,0,0,0,0,86,86,85,86,,0,-0.193728519,71
ZAF,"408,237,000,000.00","49,991,000",South Africa,RSA,64,69,133,0.2660478886,3,2,1,6,0.002000360065,0.00400072013,0.006001080194,0.01200216039,0.002449557487,0.004899114975,0.007348672462,0.01469734492,0.007518796992,0.01503759398,0.02255639098,0.04511278195,0.3,0.7,0.7,1.7,0.28,0.73,0.74,1.75,0.8,1.94,3.72,6.46,3.96,3.8,15.84,29,51,61,45,,14,-1.664490894,139
KOR,"1,116,250,000,000.00","48,875,000",South Korea,KOR,114,141,255,0.5217391304,13,8,7,28,0.01432225064,0.01636828645,0.02659846547,0.05728900256,0.006270996641,0.007166853303,0.01164613662,0.02508398656,0.02745098039,0.03137254902,0.05098039216,0.1098039216,2.1,2.7,3.1,7.9,0.71,1.08,1.18,2.97,2.92,4.05,8.41,15.38,6.41,16.8,36.25,9,42,31,15,,62,29.28781847,5
ESP,"1,490,810,000,000.00","46,071,000",Spain,ESP,114,175,289,0.627292657,3,10,4,17,0.008682251308,0.02170562827,0.006511688481,0.03689956806,0.002683105158,0.006707762894,0.002012328868,0.01140319692,0.01384083045,0.03460207612,0.01038062284,0.05882352941,1.2,3.6,0.8,5.6,0.3,1.01,0.2,1.51,1.47,4.47,1.71,7.65,2.92,10.8,15.54,14,56,45,46,,33,-7.380337836,176
LKA,"59,172,135,299.00","20,860,000",Sri Lanka,SRI,3,4,7,0.03355704698,0,0,0,0,0,0,0,0,0,0,0,0,0,0,0,0,0,0,0,0,0,0,0,0,0,0,0,0,0,0,0,86,86,85,86,,0,-3.7295243,159
SDN,"55,097,394,769.00","43,552,000",Sudan,SUD,2,4,6,0.01377663483,0,0,0,0,0,0,0,0,0,0,0,0,0,0,0,0,0,0,0,0,0,0,0,0,0,0,0,0,0,0,0,86,86,85,86,,0,-3.600461393,158
SUR,"3,790,000,000.00","525,000",Surinam,SUR,2,3,5,0.9523809524,0,0,0,0,0,0,0,0,0,0,0,0,0,0,0,0,0,0,0,0,0,0,0,0,0,0,0,0,0,0,0,86,86,85,86,,0,-0.457421917,93
SWZ,"3,977,754,360.00","1,056,000",Swaziland,SWZ,1,2,3,0.2840909091,0,0,0,0,0,0,0,0,0,0,0,0,0,0,0,0,0,0,0,0,0,0,0,0,0,0,0,0,0,0,0,86,86,85,86,,0,-0.481647241,96
SWE,"538,131,000,000.00","9,378,000",Sweden,SWE,84,56,140,1.49285562,1,4,3,8,0.03198976328,0.0426530177,0.01066325443,0.0853060354,0.005574850733,0.007433134311,0.001858283578,0.01486626862,0.02142857143,0.02857142857,0.007142857143,0.05714285714,4.6,7.1,1.2,12.9,0.63,1.12,0.19,1.94,2.28,3.69,1.18,7.15,3.44,22.4,13.2,29,53,25,56,,14,-4.449048845,164
CHE,"635,650,000,000.00","7,826,000",Switzerland,SUI,30,76,106,1.354459494,2,2,0,4,0,0.02555583951,0.02555583951,0.05111167902,0,0.00314638559,0.00314638559,0.006292771179,0,0.01886792453,0.01886792453,0.03773584906,0,4.2,3,7.2,0,0.47,0.32,0.79,0,2.44,3.11,5.55,1.9,17.4,14.21,38,63,30,52,,10,-10.75586027,191
SYR,"59,834,000,000.00","20,447,000",Syria,SYR,4,6,10,0.04890693011,0,0,0,0,0,0,0,0,0,0,0,0,0,0,0,0,0,0,0,0,0,0,0,0,0,0,0,0,0,0,0,86,86,85,86,,0,-3.758297669,160
TWN,"876,035,000,000.00","23,174,528",Taiwan,TPE,25,19,44,0.1898636296,0,1,1,2,0.004315082491,0.004315082491,0,0.008630164981,0.001141506903,0.001141506903,0,0.002283013807,0.02272727273,0.02272727273,0,0.04545454545,0.6,0.7,0,1.3,0.13,0.17,0,0.3,2.42,2.93,0,5.35,0.47,2,8.28,58,83,71,73,,3,-23.9220905,200
TJK,"6,522,200,291.00","6,879,000",Tajikistan,TJK,3,13,16,0.2325919465,0,0,1,1,0.01453699666,0,0,0.01453699666,0.1533224917,0,0,0.1533224917,0.0625,0,0,0.0625,2.1,0,0,2.1,17.24,0,0,17.24,6.64,0,0,6.64,17.24,2.1,6.64,79,25,67,77,,1,0.277395076,44
TZA,"23,705,302,063.00","44,841,000",Tanzania,TAN,2,5,7,0.01561071341,0,0,0,0,0,0,0,0,0,0,0,0,0,0,0,0,0,0,0,0,0,0,0,0,0,0,0,0,0,0,0,86,86,85,86,,0,-1.942332562,145
THA,"345,649,000,000.00","69,122,000",Thailand,THA,18,19,37,0.05352854373,0,2,1,3,0.001446717398,0.002893434796,0,0.004340152195,0.002893108327,0.005786216653,0,0.00867932498,0.02702702703,0.05405405405,0,0.08108108108,0.2,0.5,0,0.7,0.33,0.87,0,1.2,2.87,6.98,0,9.85,2.07,1.2,16.83,50,61,77,41,,5,-8.971010743,182
TGO,"3,594,513,925.00","6,028,000",Togo,TOG,2,4,6,0.099535501,0,0,0,0,0,0,0,0,0,0,0,0,0,0,0,0,0,0,0,0,0,0,0,0,0,0,0,0,0,0,0,86,86,85,86,,0,-0.465606016,95
TON,"435,589,199.60","104,000",Tonga,TGA,1,2,3,2.884615385,0,0,0,0,0,0,0,0,0,0,0,0,0,0,0,0,0,0,0,0,0,0,0,0,0,0,0,0,0,0,0,86,86,85,86,,0,-0.090311363,54
TTO,"22,483,115,868.00","1,341,000",Trinidad and Tobago,TRI,10,21,31,2.311707681,1,0,3,4,0.2237136465,0,0.07457121551,0.298284862,0.1334334626,0,0.04447782086,0.1779112834,0.09677419355,0,0.03225806452,0.1290322581,32.1,0,8.7,40.8,15,0,4.5,19.5,10.29,0,5.32,15.61,28.5,58.2,26.25,47,16,5,25,,6,4.277413096,26
TUN,"45,863,804,800.00","10,549,000",Tunisia,TUN,20,64,84,0.796284008,1,1,1,3,0.009479571523,0.009479571523,0.009479571523,0.02843871457,0.02180368603,0.02180368603,0.02180368603,0.06541105809,0.0119047619,0.0119047619,0.0119047619,0.03571428571,1.4,1.6,1.1,4.1,2.45,3.27,2.21,7.93,1.27,1.54,1.96,4.77,15.62,7.9,10.23,47,29,49,65,,6,2.953932812,31
TUR,"773,091,000,000.00","72,752,000",Turkey,TUR,66,48,114,0.1566967231,2,2,1,5,0.001374532659,0.002749065318,0.002749065318,0.006872663294,0.001293508785,0.00258701757,0.00258701757,0.006467543924,0.008771929825,0.01754385965,0.01754385965,0.04385964912,0.2,0.5,0.3,1,0.15,0.39,0.26,0.8,0.93,2.27,2.89,6.09,1.71,2.1,14.14,37,67,70,53,,11,-14.22573822,195
TKM,"24,107,017,544.00","5,042,000",Turkmenistan,TKM,3,7,10,0.1983339944,0,0,0,0,0,0,0,0,0,0,0,0,0,0,0,0,0,0,0,0,0,0,0,0,0,0,0,0,0,0,0,86,86,85,86,,0,-1.869344492,142
TUV,"35,784,426.83","9,827",Tuvalu,TUV,1,2,3,30.52813677,0,0,0,0,0,0,0,0,0,0,0,0,0,0,0,0,0,0,0,0,0,0,0,0,0,0,0,0,0,0,0,86,86,85,86,,0,-0.013705627,46
UGA,"16,809,623,489.00","33,424,000",Uganda,UGA,5,11,16,0.04786979416,1,0,0,1,0,0,0.002991862135,0.002991862135,0,0,0.05948973222,0.05948973222,0,0,0.0625,0.0625,0,0,0.3,0.3,0,0,6.02,6.02,0,0,10.31,10.31,18.06,0.9,30.93,58,23,78,18,,3,1.500297195,37
GBR,"2,431,590,000,000.00","62,232,000",UK,GBR,269,287,556,0.8934310323,29,17,19,65,0.03053091657,0.02731713588,0.04659982003,0.1044478725,0.007813817297,0.006991310213,0.01192635272,0.02673148022,0.03417266187,0.03057553957,0.05215827338,0.1169064748,4.4,4.5,5.4,14.3,0.88,1.05,1.21,3.14,3.63,3.95,8.61,16.19,6.61,29.6,37.36,4,40,20,13,,140,81.81099253,2
UKR,"165,245,000,000.00","45,871,000",Ukraine,UKR,115,121,236,0.5144862767,6,5,9,20,0.01962023937,0.01090013298,0.01308015958,0.04360053193,0.05446458289,0.03025810161,0.03630972193,0.1210324064,0.03813559322,0.02118644068,0.02542372881,0.08474576271,2.8,1.8,1.5,6.1,6.12,4.54,3.67,14.33,4.05,2.74,4.19,10.98,26.21,10.9,22.1,12,18,44,29,,37,28.94043892,6
ARE,"360,245,000,000.00","7,512,000",United Arab Emirates,UAE,2,28,30,0.3993610224,0,0,0,0,0,0,0,0,0,0,0,0,0,0,0,0,0,0,0,0,0,0,0,0,0,0,0,0,0,0,0,86,86,85,86,,0,-13.6792927,193
URY,"46,709,797,684.00","3,357,000",Uruguay,URU,3,30,33,0.9830205541,0,0,0,0,0,0,0,0,0,0,0,0,0,0,0,0,0,0,0,0,0,0,0,0,0,0,0,0,0,0,0,86,86,85,86,,0,-3.006339192,155
USA,"15,094,000,000,000.00","309,349,000",US,USA,271,260,531,0.1716507892,46,29,29,104,0.009374525213,0.009374525213,0.01486993654,0.03361898697,0.001921293229,0.001921293229,0.00304756857,0.006890155028,0.05461393597,0.05461393597,0.08662900188,0.1958568738,1.3,1.6,1.7,4.6,0.22,0.29,0.31,0.82,5.81,7.05,14.29,27.15,1.73,9.6,62.78,1,66,47,5,,225,-5.054802964,166
UZB,"45,359,432,355.00","28,228,000",Uzbekistan,UZB,18,36,54,0.191299419,1,0,3,4,0.0106277455,0,0.003542581834,0.01417032733,0.06613839381,0,0.02204613127,0.08818452508,0.05555555556,0,0.01851851852,0.07407407407,1.5,0,0.4,1.9,7.44,0,2.23,9.67,5.91,0,3.06,8.97,14.13,2.7,15.09,47,31,63,48,,6,2.908839696,32
VUT,"819,227,088.40","240,000",Vanuatu,VAN,2,3,5,2.083333333,0,0,0,0,0,0,0,0,0,0,0,0,0,0,0,0,0,0,0,0,0,0,0,0,0,0,0,0,0,0,0,86,86,85,86,,0,-0.146256798,61
VEN,"316,482,000,000.00","28,834,000",Venezuela,VEN,27,42,69,0.2393008254,1,0,0,1,0,0,0.003468127905,0.003468127905,0,0,0.003159737363,0.003159737363,0,0,0.01449275362,0.01449275362,0,0,0.4,0.4,0,0,0.32,0.32,0,0,2.39,2.39,0.96,1.2,7.17,58,77,76,75,,3,-9.834723788,185
VNM,"123,961,000,000.00","86,928,000",Vietnam,VIE,12,6,18,0.02070679183,0,0,0,0,0,0,0,0,0,0,0,0,0,0,0,0,0,0,0,0,0,0,0,0,0,0,0,0,0,0,0,86,86,85,86,,0,-6.626516991,173
VIR,"1,577,000,000.00","110,000",Virgin Islands,ISV,3,4,7,6.363636364,0,0,0,0,0,0,0,0,0,0,0,0,0,0,0,0,0,0,0,0,0,0,0,0,0,0,0,0,0,0,0,86,86,85,86,,0,-0.232076166,76
YEM,"33,757,503,322.00","24,053,000",Yemen,YEM,1,3,4,0.01662994221,0,0,0,0,0,0,0,0,0,0,0,0,0,0,0,0,0,0,0,0,0,0,0,0,0,0,0,0,0,0,0,86,86,85,86,,0,-2.480421969,151
ZMB,"19,206,011,889.00","12,927,000",Zambia,ZAM,2,5,7,0.0541502282,0,0,0,0,0,0,0,0,0,0,0,0,0,0,0,0,0,0,0,0,0,0,0,0,0,0,0,0,0,0,0,86,86,85,86,,0,-1.61752343,137
ZWE,"9,900,000,000.00","12,571,000",Zimbabwe,ZIM,3,4,7,0.05568371649,0,0,0,0,0,0,0,0,0,0,0,0,0,0,0,0,0,0,0,0,0,0,0,0,0,0,0,0,0,0,0,86,86,85,86,,0,-0.994800662,117